Common_Name,Genus,Species,Scientific_Name,Count,Location,Date,Time
Black-bellied Whistling-Duck,Dendrocygna,autumnalis,Dendrocygna autumnalis,2,Cameron Co.--TX100--Aplomado Viewing Area,4/28/2025,8:58 AM
Black-bellied Whistling-Duck,Dendrocygna,autumnalis,Dendrocygna autumnalis,5,South Padre Is.--Birding and Nature Center,4/28/2025,9:51 AM
Black-bellied Whistling-Duck,Dendrocygna,autumnalis,Dendrocygna autumnalis,4,South Padre Is.--WBC/Conv. Center/Laguna Madre Trail (LTC 035),4/28/2025,1:55 PM
Black-bellied Whistling-Duck,Dendrocygna,autumnalis,Dendrocygna autumnalis,5,Estero Llano Grande SP WBC (LTC 054),4/27/2025,7:14 AM
Black-bellied Whistling-Duck,Dendrocygna,autumnalis,Dendrocygna autumnalis,1,Frontera Audubon Center (LTC 058),4/27/2025,2:32 PM
Black-bellied Whistling-Duck,Dendrocygna,autumnalis,Dendrocygna autumnalis,8,Santa Margarita Ranch (LTC 079) (restricted access - guided groups only),4/26/2025,6:34 AM
Snow Goose,Anser,caerulescens,Anser caerulescens,2,Riverlands Migratory Bird Sanctuary,12/27/2023,11:45 AM
Snow Goose,Anser,caerulescens,Anser caerulescens,2,Riverlands Migratory Bird Sanctuary,12/27/2024,1:30 PM
Greater White-fronted Goose,Anser,albifrons,Anser albifrons,40,Riverlands Migratory Bird Sanctuary,12/27/2023,11:45 AM
Greater White-fronted Goose,Anser,albifrons,Anser albifrons,50,Riverlands Migratory Bird Sanctuary,12/27/2024,11:19 AM
Cackling Goose,Branta,hutchinsii,Branta hutchinsii,2,Riverlands Migratory Bird Sanctuary,12/27/2024,11:19 AM
Canada Goose,Branta,canadensis,Branta canadensis,2,Flat River Waterfowl Impoundment,4/28/2024,7:28 AM
Canada Goose,Branta,canadensis,Branta canadensis,1,Flat River Waterfowl Impoundment,11/12/2024,8:33 AM
Canada Goose,Branta,canadensis,Branta canadensis,X,H lot,4/2/2024,
Canada Goose,Branta,canadensis,Branta canadensis,2,Sandy Creek Park,6/1/2024,8:08 AM
Canada Goose,Branta,canadensis,Branta canadensis,5,Leitner Drive/Holiday Inn Express Wetlands,2/9/2025,11:49 AM
Canada Goose,Branta,canadensis,Branta canadensis,1,Weymouth Woods Sandhills Nature Preserve,4/19/2025,6:48 AM
Canada Goose,Branta,canadensis,Branta canadensis,50,Riverlands Migratory Bird Sanctuary,12/27/2023,9:59 AM
Canada Goose,Branta,canadensis,Branta canadensis,55,Riverlands Migratory Bird Sanctuary,12/27/2023,11:45 AM
Canada Goose,Branta,canadensis,Branta canadensis,10,Riverlands Migratory Bird Sanctuary,12/27/2024,11:19 AM
Canada Goose,Branta,canadensis,Branta canadensis,25,Riverlands Migratory Bird Sanctuary,12/27/2024,1:30 PM
Canada Goose,Branta,canadensis,Branta canadensis,5,Creve Coeur Lake Memorial Park,12/26/2023,9:16 AM
Trumpeter Swan,Cygnus,buccinator,Cygnus buccinator,20,Riverlands Migratory Bird Sanctuary,12/27/2023,9:59 AM
Trumpeter Swan,Cygnus,buccinator,Cygnus buccinator,3,Riverlands Migratory Bird Sanctuary,12/27/2023,11:45 AM
Trumpeter Swan,Cygnus,buccinator,Cygnus buccinator,2,Riverlands Migratory Bird Sanctuary,12/27/2024,1:30 PM
Muscovy Duck,Cairina,moschata,Cairina moschata,2,Santa Margarita Ranch (LTC 079) (restricted access - guided groups only),4/26/2025,6:34 AM
Muscovy Duck (Domestic type),Cairina,moschata (Domestic type),Cairina moschata (Domestic type),1,England Parkway Pond,12/22/2024,2:21 PM
Wood Duck,Aix,sponsa,Aix sponsa,8,Village Creek Drying Beds (PPW-W 083)--ACCESS CLOSED July 2025,12/30/2024,9:41 AM
Blue-winged Teal,Spatula,discors,Spatula discors,2,Estero Llano Grande SP WBC (LTC 054),4/27/2025,7:14 AM
Blue-winged Teal,Spatula,discors,Spatula discors,2,Santa Margarita Ranch (LTC 079) (restricted access - guided groups only),4/26/2025,6:34 AM
Northern Shoveler,Spatula,clypeata,Spatula clypeata,2,Riverlands Migratory Bird Sanctuary,12/27/2023,9:59 AM
Northern Shoveler,Spatula,clypeata,Spatula clypeata,1,Riverlands Migratory Bird Sanctuary,12/27/2024,11:19 AM
Northern Shoveler,Spatula,clypeata,Spatula clypeata,2,Riverlands Migratory Bird Sanctuary,12/27/2024,1:30 PM
Northern Shoveler,Spatula,clypeata,Spatula clypeata,14,England Parkway Pond,12/22/2024,2:21 PM
Northern Shoveler,Spatula,clypeata,Spatula clypeata,40,Village Creek Drying Beds (PPW-W 083)--ACCESS CLOSED July 2025,1/1/2024,10:11 AM
Northern Shoveler,Spatula,clypeata,Spatula clypeata,X,Village Creek Drying Beds (PPW-W 083)--ACCESS CLOSED July 2025,12/30/2024,9:41 AM
Gadwall,Mareca,strepera,Mareca strepera,1,White Rock Lake & Old Fish Hatchery (PPW-W 086),12/30/2023,11:39 AM
Gadwall,Mareca,strepera,Mareca strepera,7,White Rock Lake & Old Fish Hatchery (PPW-W 086),12/30/2023,12:33 PM
Gadwall,Mareca,strepera,Mareca strepera,7,White Rock Lake & Old Fish Hatchery (PPW-W 086),12/30/2023,1:38 PM
Gadwall,Mareca,strepera,Mareca strepera,6,Riverlands Migratory Bird Sanctuary,12/27/2024,11:19 AM
Gadwall,Mareca,strepera,Mareca strepera,3,Riverlands Migratory Bird Sanctuary,12/27/2024,1:30 PM
Gadwall,Mareca,strepera,Mareca strepera,1,Santa Margarita Ranch (LTC 079) (restricted access - guided groups only),4/26/2025,6:34 AM
Gadwall,Mareca,strepera,Mareca strepera,3,England Parkway Pond,12/22/2024,2:21 PM
Gadwall,Mareca,strepera,Mareca strepera,100,Village Creek Drying Beds (PPW-W 083)--ACCESS CLOSED July 2025,1/1/2024,10:11 AM
Gadwall,Mareca,strepera,Mareca strepera,X,Village Creek Drying Beds (PPW-W 083)--ACCESS CLOSED July 2025,12/30/2024,9:41 AM
American Wigeon,Mareca,americana,Mareca americana,1,Santa Margarita Ranch (LTC 079) (restricted access - guided groups only),4/26/2025,6:34 AM
American Wigeon,Mareca,americana,Mareca americana,20,Village Creek Drying Beds (PPW-W 083)--ACCESS CLOSED July 2025,1/1/2024,10:11 AM
American Wigeon,Mareca,americana,Mareca americana,50,Village Creek Drying Beds (PPW-W 083)--ACCESS CLOSED July 2025,12/30/2024,9:41 AM
Mallard,Anas,platyrhynchos,Anas platyrhynchos,2,White Rock Lake & Old Fish Hatchery (PPW-W 086),12/30/2023,12:33 PM
Mallard,Anas,platyrhynchos,Anas platyrhynchos,12,Beaver Marsh Preserve,11/24/2023,7:50 AM
Mallard,Anas,platyrhynchos,Anas platyrhynchos,2,Duke University--Reclamation Pond,1/16/2024,9:07 AM
Mallard,Anas,platyrhynchos,Anas platyrhynchos,1,Duke University--Reclamation Pond,2/19/2024,10:41 AM
Mallard,Anas,platyrhynchos,Anas platyrhynchos,3,Duke University--Reclamation Pond,2/20/2024,9:12 AM
Mallard,Anas,platyrhynchos,Anas platyrhynchos,8,Jordan Game Land--New Hope Creek (Durham Co. Seasonal Mudflats),7/21/2024,7:02 AM
Mallard,Anas,platyrhynchos,Anas platyrhynchos,9,"16 North Trumbull Circle, Saint Charles, Missouri, US (38.814, -90.51)",12/25/2023,2:03 PM
Mallard,Anas,platyrhynchos,Anas platyrhynchos,30,Riverlands Migratory Bird Sanctuary,12/27/2023,9:59 AM
Mallard,Anas,platyrhynchos,Anas platyrhynchos,13,Riverlands Migratory Bird Sanctuary,12/27/2023,11:45 AM
Mallard,Anas,platyrhynchos,Anas platyrhynchos,55,Riverlands Migratory Bird Sanctuary,12/27/2024,11:19 AM
Mallard,Anas,platyrhynchos,Anas platyrhynchos,30,Riverlands Migratory Bird Sanctuary,12/27/2024,1:30 PM
Mallard,Anas,platyrhynchos,Anas platyrhynchos,20,England Parkway Pond,12/22/2024,2:21 PM
Mallard,Anas,platyrhynchos,Anas platyrhynchos,30,Village Creek Drying Beds (PPW-W 083)--ACCESS CLOSED July 2025,1/1/2024,10:11 AM
Mallard,Anas,platyrhynchos,Anas platyrhynchos,X,Village Creek Drying Beds (PPW-W 083)--ACCESS CLOSED July 2025,12/30/2024,9:41 AM
Mallard (Domestic type),Anas,platyrhynchos (Domestic type),Anas platyrhynchos (Domestic type),1,Duke University--Reclamation Pond,11/4/2023,10:03 AM
Mallard (Domestic type),Anas,platyrhynchos (Domestic type),Anas platyrhynchos (Domestic type),1,Duke University--Reclamation Pond,4/24/2024,8:06 AM
Mottled Duck,Anas,fulvigula,Anas fulvigula,2,South Padre Is.--Birding and Nature Center,4/28/2025,9:51 AM
Mottled Duck,Anas,fulvigula,Anas fulvigula,1,South Padre Is.--WBC/Conv. Center/Laguna Madre Trail (LTC 035),4/28/2025,1:55 PM
Mottled Duck,Anas,fulvigula,Anas fulvigula,2,Estero Llano Grande SP WBC (LTC 054),4/27/2025,7:14 AM
Mallard/Mottled Duck,Anas,platyrhynchos/fulvigula,Anas platyrhynchos/fulvigula,1,South Padre Is.--Birding and Nature Center,4/28/2025,9:51 AM
Northern Pintail,Anas,acuta,Anas acuta,10,Riverlands Migratory Bird Sanctuary,12/27/2024,1:30 PM
Northern Pintail,Anas,acuta,Anas acuta,60,Village Creek Drying Beds (PPW-W 083)--ACCESS CLOSED July 2025,1/1/2024,10:11 AM
Northern Pintail,Anas,acuta,Anas acuta,50,Village Creek Drying Beds (PPW-W 083)--ACCESS CLOSED July 2025,12/30/2024,9:41 AM
Green-winged Teal,Anas,crecca,Anas crecca,4,Riverlands Migratory Bird Sanctuary,12/27/2023,9:59 AM
Green-winged Teal,Anas,crecca,Anas crecca,50,Village Creek Drying Beds (PPW-W 083)--ACCESS CLOSED July 2025,1/1/2024,10:11 AM
Green-winged Teal,Anas,crecca,Anas crecca,X,Village Creek Drying Beds (PPW-W 083)--ACCESS CLOSED July 2025,12/30/2024,9:41 AM
Canvasback,Aythya,valisineria,Aythya valisineria,1,England Parkway Pond,12/22/2024,2:21 PM
Canvasback,Aythya,valisineria,Aythya valisineria,7,Village Creek Drying Beds (PPW-W 083)--ACCESS CLOSED July 2025,1/1/2024,10:11 AM
Redhead,Aythya,americana,Aythya americana,1,Village Creek Drying Beds (PPW-W 083)--ACCESS CLOSED July 2025,1/1/2024,10:11 AM
Ring-necked Duck,Aythya,collaris,Aythya collaris,8,Village Creek Drying Beds (PPW-W 083)--ACCESS CLOSED July 2025,1/1/2024,10:11 AM
Ring-necked Duck,Aythya,collaris,Aythya collaris,X,Village Creek Drying Beds (PPW-W 083)--ACCESS CLOSED July 2025,12/30/2024,9:41 AM
Lesser Scaup,Aythya,affinis,Aythya affinis,10,Riverlands Migratory Bird Sanctuary,12/27/2024,1:30 PM
Lesser Scaup,Aythya,affinis,Aythya affinis,7,England Parkway Pond,12/22/2024,2:21 PM
Lesser Scaup,Aythya,affinis,Aythya affinis,1,Village Creek Drying Beds (PPW-W 083)--ACCESS CLOSED July 2025,1/1/2024,10:11 AM
Bufflehead,Bucephala,albeola,Bucephala albeola,2,White Rock Lake & Old Fish Hatchery (PPW-W 086),12/30/2023,1:38 PM
Bufflehead,Bucephala,albeola,Bucephala albeola,5,Riverlands Migratory Bird Sanctuary,12/27/2023,9:59 AM
Bufflehead,Bucephala,albeola,Bucephala albeola,2,Riverlands Migratory Bird Sanctuary,12/27/2024,11:19 AM
Bufflehead,Bucephala,albeola,Bucephala albeola,12,England Parkway Pond,12/22/2024,2:21 PM
Bufflehead,Bucephala,albeola,Bucephala albeola,5,Village Creek Drying Beds (PPW-W 083)--ACCESS CLOSED July 2025,1/1/2024,10:11 AM
Bufflehead,Bucephala,albeola,Bucephala albeola,50,Village Creek Drying Beds (PPW-W 083)--ACCESS CLOSED July 2025,12/30/2024,9:41 AM
Common Goldeneye,Bucephala,clangula,Bucephala clangula,7,Riverlands Migratory Bird Sanctuary,12/27/2024,11:19 AM
Common Goldeneye,Bucephala,clangula,Bucephala clangula,50,Riverlands Migratory Bird Sanctuary,12/27/2024,1:30 PM
Hooded Merganser,Lophodytes,cucullatus,Lophodytes cucullatus,2,Beaver Marsh Preserve,11/24/2023,7:50 AM
Hooded Merganser,Lophodytes,cucullatus,Lophodytes cucullatus,2,Lake Maria Sanchez,1/17/2025,7:46 AM
Common Merganser,Mergus,merganser,Mergus merganser,2,Riverlands Migratory Bird Sanctuary,12/27/2024,1:30 PM
Red-breasted Merganser,Mergus,serrator,Mergus serrator,3,Fort Macon SP--Beach,4/13/2025,11:22 AM
Red-breasted Merganser,Mergus,serrator,Mergus serrator,6,Riverlands Migratory Bird Sanctuary,12/27/2024,1:30 PM
Ruddy Duck,Oxyura,jamaicensis,Oxyura jamaicensis,2,Riverlands Migratory Bird Sanctuary,12/27/2024,1:30 PM
Ruddy Duck,Oxyura,jamaicensis,Oxyura jamaicensis,1,Village Creek Drying Beds (PPW-W 083)--ACCESS CLOSED July 2025,1/1/2024,10:11 AM
Plain Chachalaca,Ortalis,vetula,Ortalis vetula,4,Estero Llano Grande SP WBC (LTC 054),4/27/2025,7:14 AM
Plain Chachalaca,Ortalis,vetula,Ortalis vetula,3,Frontera Audubon Center (LTC 058),4/27/2025,2:32 PM
Plain Chachalaca,Ortalis,vetula,Ortalis vetula,18,Santa Margarita Ranch (LTC 079) (restricted access - guided groups only),4/26/2025,6:34 AM
Northern Bobwhite,Colinus,virginianus,Colinus virginianus,2,Falcon State Park--Butterfly Garden (Starr Co.),4/26/2025,4:39 PM
Northern Bobwhite,Colinus,virginianus,Colinus virginianus,6,Santa Margarita Ranch (LTC 079) (restricted access - guided groups only),4/26/2025,6:34 AM
Northern Bobwhite,Colinus,virginianus,Colinus virginianus,2,Starr County Park (Falcon Heights)(LTC 082),4/26/2025,2:46 PM
Scaled Quail,Callipepla,squamata,Callipepla squamata,2,Santa Margarita Ranch (LTC 079) (restricted access - guided groups only),4/26/2025,6:34 AM
Double-spurred Spurfowl,Pternistis,bicalcaratus,Pternistis bicalcaratus,X,Kissidougou,6/30/2023,
Rock Pigeon (Feral Pigeon),Columba,livia (Feral Pigeon),Columba livia (Feral Pigeon),12,White Rock Lake & Old Fish Hatchery (PPW-W 086),12/30/2023,12:33 PM
Rock Pigeon (Feral Pigeon),Columba,livia (Feral Pigeon),Columba livia (Feral Pigeon),8,Durham,11/5/2023,7:02 AM
Rock Pigeon (Feral Pigeon),Columba,livia (Feral Pigeon),Columba livia (Feral Pigeon),5,Morris Green Park,1/7/2024,1:27 PM
Rock Pigeon (Feral Pigeon),Columba,livia (Feral Pigeon),Columba livia (Feral Pigeon),10,Riverlands Migratory Bird Sanctuary,12/27/2024,1:30 PM
Rock Pigeon (Feral Pigeon),Columba,livia (Feral Pigeon),Columba livia (Feral Pigeon),2,Village Creek Drying Beds (PPW-W 083)--ACCESS CLOSED July 2025,12/30/2024,9:41 AM
Red-billed Pigeon,Patagioenas,flavirostris,Patagioenas flavirostris,6,Santa Margarita Ranch (LTC 079) (restricted access - guided groups only),4/26/2025,6:34 AM
Eurasian Collared-Dove,Streptopelia,decaocto,Streptopelia decaocto,1,Estero Llano Grande SP WBC (LTC 054),4/27/2025,7:14 AM
Red-eyed Dove,Streptopelia,semitorquata,Streptopelia semitorquata,3,"Conakry, GN",7/3/2023,6:30 PM
Red-eyed Dove,Streptopelia,semitorquata,Streptopelia semitorquata,1,"Conakry, GN",7/4/2023,11:25 AM
Red-eyed Dove,Streptopelia,semitorquata,Streptopelia semitorquata,X,Macenta,6/25/2023,
Red-eyed Dove,Streptopelia,semitorquata,Streptopelia semitorquata,2,Macenta,6/29/2023,7:49 AM
Laughing Dove,Spilopelia,senegalensis,Spilopelia senegalensis,5,"Conakry, GN",7/2/2023,3:00 PM
Laughing Dove,Spilopelia,senegalensis,Spilopelia senegalensis,4,"Conakry, GN",7/2/2023,7:02 PM
Laughing Dove,Spilopelia,senegalensis,Spilopelia senegalensis,7,"Conakry, GN",7/3/2023,10:56 AM
Laughing Dove,Spilopelia,senegalensis,Spilopelia senegalensis,3,"Conakry, GN",7/3/2023,6:30 PM
Laughing Dove,Spilopelia,senegalensis,Spilopelia senegalensis,7,"Conakry, GN",7/4/2023,11:25 AM
Laughing Dove,Spilopelia,senegalensis,Spilopelia senegalensis,X,Soulemania,6/30/2023,
Laughing Dove,Spilopelia,senegalensis,Spilopelia senegalensis,X,Soulemania,7/1/2023,
Laughing Dove,Spilopelia,senegalensis,Spilopelia senegalensis,1,"Soulemania, Région de Faranah, GN",6/30/2023,5:56 PM
Inca Dove,Columbina,inca,Columbina inca,5,Estero Llano Grande SP WBC (LTC 054),4/27/2025,7:14 AM
Inca Dove,Columbina,inca,Columbina inca,1,Falcon State Park--Butterfly Garden (Starr Co.),4/26/2025,4:39 PM
Common Ground Dove,Columbina,passerina,Columbina passerina,2,Estero Llano Grande SP WBC (LTC 054),4/27/2025,7:14 AM
Common Ground Dove,Columbina,passerina,Columbina passerina,2,Santa Margarita Ranch (LTC 079) (restricted access - guided groups only),4/26/2025,6:34 AM
White-tipped Dove,Leptotila,verreauxi,Leptotila verreauxi,11,Estero Llano Grande SP WBC (LTC 054),4/27/2025,7:14 AM
White-tipped Dove,Leptotila,verreauxi,Leptotila verreauxi,5,Estero Llano Grande SP--Tropical Zone only,4/27/2025,12:52 PM
White-tipped Dove,Leptotila,verreauxi,Leptotila verreauxi,6,Frontera Audubon Center (LTC 058),4/27/2025,2:32 PM
White-tipped Dove,Leptotila,verreauxi,Leptotila verreauxi,8,Santa Margarita Ranch (LTC 079) (restricted access - guided groups only),4/26/2025,6:34 AM
White-winged Dove,Zenaida,asiatica,Zenaida asiatica,16,Estero Llano Grande SP WBC (LTC 054),4/27/2025,7:14 AM
White-winged Dove,Zenaida,asiatica,Zenaida asiatica,5,Estero Llano Grande SP--Tropical Zone only,4/27/2025,12:52 PM
White-winged Dove,Zenaida,asiatica,Zenaida asiatica,4,Frontera Audubon Center (LTC 058),4/27/2025,2:32 PM
White-winged Dove,Zenaida,asiatica,Zenaida asiatica,5,Falcon State Park--Butterfly Garden (Starr Co.),4/26/2025,4:39 PM
White-winged Dove,Zenaida,asiatica,Zenaida asiatica,45,Santa Margarita Ranch (LTC 079) (restricted access - guided groups only),4/26/2025,6:34 AM
White-winged Dove,Zenaida,asiatica,Zenaida asiatica,4,Starr County Park (Falcon Heights)(LTC 082),4/26/2025,2:46 PM
Mourning Dove,Zenaida,macroura,Zenaida macroura,1,South Padre Is.--WBC/Conv. Center/Laguna Madre Trail (LTC 035),4/28/2025,1:55 PM
Mourning Dove,Zenaida,macroura,Zenaida macroura,4,Fort Macon SP--Beach,4/13/2025,11:22 AM
Mourning Dove,Zenaida,macroura,Zenaida macroura,1,Duke University--Reclamation Pond,1/16/2024,9:07 AM
Mourning Dove,Zenaida,macroura,Zenaida macroura,1,Duke University--Reclamation Pond,2/19/2024,10:41 AM
Mourning Dove,Zenaida,macroura,Zenaida macroura,5,Duke University--Reclamation Pond,2/20/2024,9:12 AM
Mourning Dove,Zenaida,macroura,Zenaida macroura,1,Duke University--Reclamation Pond,4/6/2024,9:19 AM
Mourning Dove,Zenaida,macroura,Zenaida macroura,1,Duke University--Reclamation Pond,4/24/2024,8:06 AM
Mourning Dove,Zenaida,macroura,Zenaida macroura,1,Duke University--Reclamation Pond,5/21/2024,8:04 AM
Mourning Dove,Zenaida,macroura,Zenaida macroura,1,Durham,11/5/2023,7:02 AM
Mourning Dove,Zenaida,macroura,Zenaida macroura,3,Durham,11/5/2023,8:22 AM
Mourning Dove,Zenaida,macroura,Zenaida macroura,1,Flat River Waterfowl Impoundment,4/28/2024,7:28 AM
Mourning Dove,Zenaida,macroura,Zenaida macroura,2,Jordan Game Land--New Hope Creek (Durham Co. Seasonal Mudflats),7/21/2024,7:02 AM
Mourning Dove,Zenaida,macroura,Zenaida macroura,1,Morris Green Park,1/7/2024,1:27 PM
Mourning Dove,Zenaida,macroura,Zenaida macroura,1,Sandy Creek Park,6/1/2024,8:08 AM
Mourning Dove,Zenaida,macroura,Zenaida macroura,1,Sarah P. Duke Gardens (please do not report the ducks),3/22/2024,8:15 AM
Mourning Dove,Zenaida,macroura,Zenaida macroura,4,Estero Llano Grande SP WBC (LTC 054),4/27/2025,7:14 AM
Mourning Dove,Zenaida,macroura,Zenaida macroura,2,Estero Llano Grande SP--Tropical Zone only,4/27/2025,12:52 PM
Mourning Dove,Zenaida,macroura,Zenaida macroura,2,Frontera Audubon Center (LTC 058),4/27/2025,2:32 PM
Mourning Dove,Zenaida,macroura,Zenaida macroura,3,"16 North Trumbull Circle, Saint Charles, Missouri, US (38.814, -90.51)",12/25/2023,2:03 PM
Mourning Dove,Zenaida,macroura,Zenaida macroura,3,Frontier Park,12/26/2023,3:47 PM
Mourning Dove,Zenaida,macroura,Zenaida macroura,2,Riverlands Migratory Bird Sanctuary,12/27/2024,1:30 PM
Mourning Dove,Zenaida,macroura,Zenaida macroura,2,Falcon State Park--Butterfly Garden (Starr Co.),4/26/2025,4:39 PM
Mourning Dove,Zenaida,macroura,Zenaida macroura,40,Santa Margarita Ranch (LTC 079) (restricted access - guided groups only),4/26/2025,6:34 AM
Mourning Dove,Zenaida,macroura,Zenaida macroura,3,Starr County Park (Falcon Heights)(LTC 082),4/26/2025,2:46 PM
Mourning Dove,Zenaida,macroura,Zenaida macroura,1,Village Creek Drying Beds (PPW-W 083)--ACCESS CLOSED July 2025,1/1/2024,10:11 AM
Mourning Dove,Zenaida,macroura,Zenaida macroura,1,Village Creek Drying Beds (PPW-W 083)--ACCESS CLOSED July 2025,12/30/2024,9:41 AM
Western Plantain-eater,Crinifer,piscator,Crinifer piscator,3,"Conakry, GN",7/2/2023,7:02 PM
Western Plantain-eater,Crinifer,piscator,Crinifer piscator,1,"Conakry, GN",7/3/2023,10:56 AM
Western Plantain-eater,Crinifer,piscator,Crinifer piscator,7,"Conakry, GN",7/3/2023,6:30 PM
Western Plantain-eater,Crinifer,piscator,Crinifer piscator,2,"Conakry, GN",7/4/2023,11:25 AM
Violet Turaco,Tauraco,violaceus,Tauraco violaceus,2,"N1, Sandenia, Région de Faranah, GN",7/1/2023,8:00 AM
Violet Turaco,Tauraco,violaceus,Tauraco violaceus,X,Sandenia,7/1/2023,
Groove-billed Ani,Crotophaga,sulcirostris,Crotophaga sulcirostris,2,Estero Llano Grande SP WBC (LTC 054),4/27/2025,7:14 AM
Groove-billed Ani,Crotophaga,sulcirostris,Crotophaga sulcirostris,5,Santa Margarita Ranch (LTC 079) (restricted access - guided groups only),4/26/2025,6:34 AM
Greater Roadrunner,Geococcyx,californianus,Geococcyx californianus,1,Falcon State Park--Butterfly Garden (Starr Co.),4/26/2025,4:39 PM
Greater Roadrunner,Geococcyx,californianus,Geococcyx californianus,1,Santa Margarita Ranch (LTC 079) (restricted access - guided groups only),4/26/2025,6:34 AM
Senegal Coucal,Centropus,senegalensis,Centropus senegalensis,1,"Conakry, GN",7/4/2023,11:25 AM
Yellow-billed Cuckoo,Coccyzus,americanus,Coccyzus americanus,1,Flat River Waterfowl Impoundment,4/28/2024,7:28 AM
Yellow-billed Cuckoo,Coccyzus,americanus,Coccyzus americanus,1,Jordan Game Land--New Hope Creek (Durham Co. Seasonal Mudflats),7/21/2024,7:02 AM
Yellow-billed Cuckoo,Coccyzus,americanus,Coccyzus americanus,1,Sarah P. Duke Gardens (please do not report the ducks),9/19/2023,9:05 AM
Yellow-billed Cuckoo,Coccyzus,americanus,Coccyzus americanus,1,Estero Llano Grande SP WBC (LTC 054),4/27/2025,7:14 AM
Yellow-billed Cuckoo,Coccyzus,americanus,Coccyzus americanus,6,Santa Margarita Ranch (LTC 079) (restricted access - guided groups only),4/26/2025,6:34 AM
Lesser Nighthawk,Chordeiles,acutipennis,Chordeiles acutipennis,3,Santa Margarita Ranch (LTC 079) (restricted access - guided groups only),4/26/2025,6:34 AM
Common Pauraque,Nyctidromus,albicollis,Nyctidromus albicollis,1,Estero Llano Grande SP--Tropical Zone only,4/27/2025,12:52 PM
Common Pauraque,Nyctidromus,albicollis,Nyctidromus albicollis,1,Santa Margarita Ranch (LTC 079) (restricted access - guided groups only),4/26/2025,6:34 AM
Chimney Swift,Chaetura,pelagica,Chaetura pelagica,4,Cameron Co.--TX100--Aplomado Viewing Area,4/28/2025,8:58 AM
Chimney Swift,Chaetura,pelagica,Chaetura pelagica,1,Campus Dr. (Duke University),10/3/2023,9:17 AM
Chimney Swift,Chaetura,pelagica,Chaetura pelagica,5,Jordan Game Land--New Hope Creek (Durham Co. Seasonal Mudflats),7/21/2024,7:02 AM
Chimney Swift,Chaetura,pelagica,Chaetura pelagica,15,Sandy Creek Park,6/1/2024,8:08 AM
Chimney Swift,Chaetura,pelagica,Chaetura pelagica,1,Estero Llano Grande SP WBC (LTC 054),4/27/2025,7:14 AM
Chimney Swift,Chaetura,pelagica,Chaetura pelagica,7,Estero Llano Grande SP--Tropical Zone only,4/27/2025,12:52 PM
Chimney Swift,Chaetura,pelagica,Chaetura pelagica,4,Frontera Audubon Center (LTC 058),4/27/2025,2:32 PM
Chimney Swift,Chaetura,pelagica,Chaetura pelagica,1,Weymouth Woods Sandhills Nature Preserve,4/19/2025,6:48 AM
Chimney Swift,Chaetura,pelagica,Chaetura pelagica,3,Brumley Nature Preserve--North,10/5/2024,8:26 AM
Chimney Swift,Chaetura,pelagica,Chaetura pelagica,1,Santa Margarita Ranch (LTC 079) (restricted access - guided groups only),4/26/2025,6:34 AM
Little Swift,Apus,affinis,Apus affinis,X,Bridge,6/27/2023,
Little Swift,Apus,affinis,Apus affinis,5,Macenta,6/30/2023,10:53 AM
Ruby-throated Hummingbird,Archilochus,colubris,Archilochus colubris,1,South Padre Is.--WBC/Conv. Center/Laguna Madre Trail (LTC 035),4/28/2025,1:55 PM
Ruby-throated Hummingbird,Archilochus,colubris,Archilochus colubris,1,Jordan Game Land--New Hope Creek (Durham Co. Seasonal Mudflats),7/21/2024,7:02 AM
Ruby-throated Hummingbird,Archilochus,colubris,Archilochus colubris,1,Sarah P. Duke Gardens (please do not report the ducks),9/14/2024,9:17 AM
Ruby-throated Hummingbird,Archilochus,colubris,Archilochus colubris,1,Weymouth Woods Sandhills Nature Preserve,4/19/2025,6:48 AM
Black-chinned Hummingbird,Archilochus,alexandri,Archilochus alexandri,1,Estero Llano Grande SP WBC (LTC 054),4/27/2025,7:14 AM
Black-chinned Hummingbird,Archilochus,alexandri,Archilochus alexandri,1,Frontera Audubon Center (LTC 058),4/27/2025,2:32 PM
Ruby-throated/Black-chinned Hummingbird,Archilochus,colubris/alexandri,Archilochus colubris/alexandri,1,Frontera Audubon Center (LTC 058),4/27/2025,2:32 PM
Buff-bellied Hummingbird,Amazilia,yucatanensis,Amazilia yucatanensis,1,Estero Llano Grande SP WBC (LTC 054),4/27/2025,7:14 AM
Sora,Porzana,carolina,Porzana carolina,4,Estero Llano Grande SP WBC (LTC 054),4/27/2025,7:14 AM
Common Gallinule,Gallinula,galeata,Gallinula galeata,1,South Padre Is.--WBC/Conv. Center/Laguna Madre Trail (LTC 035),4/28/2025,1:55 PM
Common Gallinule,Gallinula,galeata,Gallinula galeata,4,Estero Llano Grande SP WBC (LTC 054),4/27/2025,7:14 AM
American Coot,Fulica,americana,Fulica americana,9,White Rock Lake & Old Fish Hatchery (PPW-W 086),12/30/2023,11:39 AM
American Coot,Fulica,americana,Fulica americana,14,White Rock Lake & Old Fish Hatchery (PPW-W 086),12/30/2023,12:33 PM
American Coot,Fulica,americana,Fulica americana,5,White Rock Lake & Old Fish Hatchery (PPW-W 086),12/30/2023,1:38 PM
American Coot,Fulica,americana,Fulica americana,5,Estero Llano Grande SP WBC (LTC 054),4/27/2025,7:14 AM
American Coot,Fulica,americana,Fulica americana,2,Riverlands Migratory Bird Sanctuary,12/27/2023,9:59 AM
American Coot,Fulica,americana,Fulica americana,1,Riverlands Migratory Bird Sanctuary,12/27/2024,1:30 PM
American Coot,Fulica,americana,Fulica americana,50,Village Creek Drying Beds (PPW-W 083)--ACCESS CLOSED July 2025,1/1/2024,10:11 AM
American Coot,Fulica,americana,Fulica americana,X,Village Creek Drying Beds (PPW-W 083)--ACCESS CLOSED July 2025,12/30/2024,9:41 AM
Black-necked Stilt,Himantopus,mexicanus,Himantopus mexicanus,1,South Padre Is.--County Park mudflats N. of Conv Ctr.,4/28/2025,11:56 AM
Black-necked Stilt,Himantopus,mexicanus,Himantopus mexicanus,2,South Padre Is.--WBC/Conv. Center/Laguna Madre Trail (LTC 035),4/28/2025,1:55 PM
Black-necked Stilt,Himantopus,mexicanus,Himantopus mexicanus,2,Estero Llano Grande SP WBC (LTC 054),4/27/2025,7:14 AM
Black-necked Stilt,Himantopus,mexicanus,Himantopus mexicanus,2,Santa Margarita Ranch (LTC 079) (restricted access - guided groups only),4/26/2025,6:34 AM
Black-bellied Plover,Pluvialis,squatarola,Pluvialis squatarola,5,South Padre Is.--County Park mudflats N. of Conv Ctr.,4/28/2025,11:56 AM
Black-bellied Plover,Pluvialis,squatarola,Pluvialis squatarola,1,South Padre Is.--WBC/Conv. Center/Laguna Madre Trail (LTC 035),4/28/2025,1:55 PM
Killdeer,Charadrius,vociferus,Charadrius vociferus,7,Beaver Marsh Preserve,11/24/2023,7:50 AM
Killdeer,Charadrius,vociferus,Charadrius vociferus,2,Flat River Waterfowl Impoundment,4/28/2024,7:28 AM
Killdeer,Charadrius,vociferus,Charadrius vociferus,2,Jordan Game Land--New Hope Creek (Durham Co. Seasonal Mudflats),7/21/2024,7:02 AM
Killdeer,Charadrius,vociferus,Charadrius vociferus,2,Estero Llano Grande SP WBC (LTC 054),4/27/2025,7:14 AM
Wilson's Plover,Anarhynchus,wilsonia,Anarhynchus wilsonia,1,South Padre Is.--County Park mudflats N. of Conv Ctr.,4/28/2025,11:56 AM
Whimbrel,Numenius,phaeopus,Numenius phaeopus,5,Cameron Co.--TX100--Aplomado Viewing Area,4/28/2025,8:58 AM
Long-billed Curlew,Numenius,americanus,Numenius americanus,12,Cameron Co.--TX100--Aplomado Viewing Area,4/28/2025,8:58 AM
Long-billed Curlew,Numenius,americanus,Numenius americanus,15,Cameron Co.--TX100--Aplomado Viewing Area,4/28/2025,5:51 PM
Short-billed Dowitcher,Limnodromus,griseus,Limnodromus griseus,4,South Padre Is.--County Park mudflats N. of Conv Ctr.,4/28/2025,11:56 AM
Short-billed Dowitcher,Limnodromus,griseus,Limnodromus griseus,2,South Padre Is.--WBC/Conv. Center/Laguna Madre Trail (LTC 035),4/28/2025,1:55 PM
Spotted Sandpiper,Actitis,macularius,Actitis macularius,1,South Padre Is.--Birding and Nature Center,4/28/2025,9:51 AM
Spotted Sandpiper,Actitis,macularius,Actitis macularius,1,South Padre Is.--WBC/Conv. Center/Laguna Madre Trail (LTC 035),4/28/2025,1:55 PM
Spotted Sandpiper,Actitis,macularius,Actitis macularius,2,Duke University--Reclamation Pond,4/24/2024,8:06 AM
Spotted Sandpiper,Actitis,macularius,Actitis macularius,3,Santa Margarita Ranch (LTC 079) (restricted access - guided groups only),4/26/2025,6:34 AM
Willet,Tringa,semipalmata,Tringa semipalmata,3,Cameron Co.--TX100--Aplomado Viewing Area,4/28/2025,5:51 PM
Willet,Tringa,semipalmata,Tringa semipalmata,1,South Padre Is.--County Park mudflats N. of Conv Ctr.,4/28/2025,11:56 AM
Willet,Tringa,semipalmata,Tringa semipalmata,2,South Padre Is.--WBC/Conv. Center/Laguna Madre Trail (LTC 035),4/28/2025,1:55 PM
Willet,Tringa,semipalmata,Tringa semipalmata,3,"101 Carolina Beach Avenue North, Carolina Beach, North Carolina, US (34.032, -77.892)",9/21/2024,3:20 PM
Ruddy Turnstone,Arenaria,interpres,Arenaria interpres,4,South Padre Is.--County Park mudflats N. of Conv Ctr.,4/28/2025,11:56 AM
Ruddy Turnstone,Arenaria,interpres,Arenaria interpres,1,Fort Macon SP--Beach,4/13/2025,11:22 AM
Ruddy Turnstone,Arenaria,interpres,Arenaria interpres,2,"101 Carolina Beach Avenue North, Carolina Beach, North Carolina, US (34.032, -77.892)",9/21/2024,3:20 PM
Red Knot,Calidris,canutus,Calidris canutus,2,South Padre Is.--County Park mudflats N. of Conv Ctr.,4/28/2025,11:56 AM
Stilt Sandpiper,Calidris,himantopus,Calidris himantopus,55,Estero Llano Grande SP WBC (LTC 054),4/27/2025,7:14 AM
Sanderling,Calidris,alba,Calidris alba,6,Cameron Co.--TX100--Aplomado Viewing Area,4/28/2025,8:58 AM
Sanderling,Calidris,alba,Calidris alba,10,South Padre Is.--County Park mudflats N. of Conv Ctr.,4/28/2025,11:56 AM
Sanderling,Calidris,alba,Calidris alba,10,South Padre Is.--WBC/Conv. Center/Laguna Madre Trail (LTC 035),4/28/2025,1:55 PM
Sanderling,Calidris,alba,Calidris alba,10,Fort Macon SP--Beach,4/13/2025,11:22 AM
Sanderling,Calidris,alba,Calidris alba,3,"101 Carolina Beach Avenue North, Carolina Beach, North Carolina, US (34.032, -77.892)",9/21/2024,3:20 PM
Dunlin,Calidris,alpina,Calidris alpina,5,South Padre Is.--County Park mudflats N. of Conv Ctr.,4/28/2025,11:56 AM
Dunlin,Calidris,alpina,Calidris alpina,3,South Padre Is.--WBC/Conv. Center/Laguna Madre Trail (LTC 035),4/28/2025,1:55 PM
Least Sandpiper,Calidris,minutilla,Calidris minutilla,5,South Padre Is.--County Park mudflats N. of Conv Ctr.,4/28/2025,11:56 AM
Least Sandpiper,Calidris,minutilla,Calidris minutilla,7,White Rock Lake & Old Fish Hatchery (PPW-W 086),12/30/2023,12:33 PM
Least Sandpiper,Calidris,minutilla,Calidris minutilla,42,White Rock Lake & Old Fish Hatchery (PPW-W 086),12/30/2023,1:38 PM
Least Sandpiper,Calidris,minutilla,Calidris minutilla,5,Beaver Marsh Preserve,11/24/2023,7:50 AM
Least Sandpiper,Calidris,minutilla,Calidris minutilla,4,Estero Llano Grande SP WBC (LTC 054),4/27/2025,7:14 AM
Bonaparte's Gull,Chroicocephalus,philadelphia,Chroicocephalus philadelphia,2,Fort Macon SP--Beach,4/13/2025,11:22 AM
Laughing Gull,Leucophaeus,atricilla,Leucophaeus atricilla,5,Cameron Co.--TX100--Aplomado Viewing Area,4/28/2025,8:58 AM
Laughing Gull,Leucophaeus,atricilla,Leucophaeus atricilla,12,Cameron Co.--TX100--Aplomado Viewing Area,4/28/2025,5:51 PM
Laughing Gull,Leucophaeus,atricilla,Leucophaeus atricilla,50,South Padre Is.--Birding and Nature Center,4/28/2025,9:51 AM
Laughing Gull,Leucophaeus,atricilla,Leucophaeus atricilla,50,South Padre Is.--County Park mudflats N. of Conv Ctr.,4/28/2025,11:56 AM
Laughing Gull,Leucophaeus,atricilla,Leucophaeus atricilla,50,South Padre Is.--WBC/Conv. Center/Laguna Madre Trail (LTC 035),4/28/2025,1:55 PM
Laughing Gull,Leucophaeus,atricilla,Leucophaeus atricilla,22,Fort Macon SP--Beach,4/13/2025,11:22 AM
Laughing Gull,Leucophaeus,atricilla,Leucophaeus atricilla,1,Estero Llano Grande SP WBC (LTC 054),4/27/2025,7:14 AM
Laughing Gull,Leucophaeus,atricilla,Leucophaeus atricilla,16,"101 Carolina Beach Avenue North, Carolina Beach, North Carolina, US (34.032, -77.892)",9/21/2024,3:20 PM
Laughing Gull,Leucophaeus,atricilla,Leucophaeus atricilla,80,Santa Margarita Ranch (LTC 079) (restricted access - guided groups only),4/26/2025,6:34 AM
Franklin's Gull,Leucophaeus,pipixcan,Leucophaeus pipixcan,2,South Padre Is.--County Park mudflats N. of Conv Ctr.,4/28/2025,11:56 AM
Ring-billed Gull,Larus,delawarensis,Larus delawarensis,10,Fort Macon SP--Beach,4/13/2025,11:22 AM
Ring-billed Gull,Larus,delawarensis,Larus delawarensis,25,White Rock Lake & Old Fish Hatchery (PPW-W 086),12/30/2023,12:33 PM
Ring-billed Gull,Larus,delawarensis,Larus delawarensis,50,White Rock Lake & Old Fish Hatchery (PPW-W 086),12/30/2023,1:38 PM
Ring-billed Gull,Larus,delawarensis,Larus delawarensis,2,Beaver Marsh Preserve,11/24/2023,7:50 AM
Ring-billed Gull,Larus,delawarensis,Larus delawarensis,9,Duke University--Reclamation Pond,1/16/2024,9:07 AM
Ring-billed Gull,Larus,delawarensis,Larus delawarensis,6,Riverlands Migratory Bird Sanctuary,12/27/2023,11:45 AM
Ring-billed Gull,Larus,delawarensis,Larus delawarensis,13,Village Creek Drying Beds (PPW-W 083)--ACCESS CLOSED July 2025,1/1/2024,10:11 AM
American Herring Gull,Larus,smithsonianus,Larus smithsonianus,4,Fort Macon SP--Beach,4/13/2025,11:22 AM
American Herring Gull,Larus,smithsonianus,Larus smithsonianus,12,White Rock Lake & Old Fish Hatchery (PPW-W 086),12/30/2023,12:33 PM
American Herring Gull,Larus,smithsonianus,Larus smithsonianus,8,Riverlands Migratory Bird Sanctuary,12/27/2023,9:59 AM
American Herring Gull,Larus,smithsonianus,Larus smithsonianus,1,Riverlands Migratory Bird Sanctuary,12/27/2023,11:45 AM
Great Black-backed Gull,Larus,marinus,Larus marinus,1,Fort Macon SP--Beach,4/13/2025,11:22 AM
gull sp.,Larinae,sp.,Larinae sp.,30,White Rock Lake & Old Fish Hatchery (PPW-W 086),12/30/2023,12:33 PM
gull sp.,Larinae,sp.,Larinae sp.,10,Frontier Park,12/26/2023,3:47 PM
gull sp.,Larinae,sp.,Larinae sp.,1,Riverlands Migratory Bird Sanctuary,12/27/2024,1:30 PM
gull sp.,Larinae,sp.,Larinae sp.,1,Village Creek Drying Beds (PPW-W 083)--ACCESS CLOSED July 2025,12/30/2024,9:41 AM
Black Skimmer,Rynchops,niger,Rynchops niger,3,South Padre Is.--Birding and Nature Center,4/28/2025,9:51 AM
Black Skimmer,Rynchops,niger,Rynchops niger,2,South Padre Is.--WBC/Conv. Center/Laguna Madre Trail (LTC 035),4/28/2025,1:55 PM
Least Tern,Sternula,antillarum,Sternula antillarum,2,South Padre Is.--Birding and Nature Center,4/28/2025,9:51 AM
Least Tern,Sternula,antillarum,Sternula antillarum,12,South Padre Is.--County Park mudflats N. of Conv Ctr.,4/28/2025,11:56 AM
Least Tern,Sternula,antillarum,Sternula antillarum,3,South Padre Is.--WBC/Conv. Center/Laguna Madre Trail (LTC 035),4/28/2025,1:55 PM
Gull-billed Tern,Gelochelidon,nilotica,Gelochelidon nilotica,1,Falcon State Park--Butterfly Garden (Starr Co.),4/26/2025,4:39 PM
Caspian Tern,Hydroprogne,caspia,Hydroprogne caspia,1,South Padre Is.--Birding and Nature Center,4/28/2025,9:51 AM
Caspian Tern,Hydroprogne,caspia,Hydroprogne caspia,4,South Padre Is.--County Park mudflats N. of Conv Ctr.,4/28/2025,11:56 AM
Caspian Tern,Hydroprogne,caspia,Hydroprogne caspia,3,South Padre Is.--WBC/Conv. Center/Laguna Madre Trail (LTC 035),4/28/2025,1:55 PM
Caspian Tern,Hydroprogne,caspia,Hydroprogne caspia,3,Fort Macon SP--Beach,4/13/2025,11:22 AM
Caspian Tern,Hydroprogne,caspia,Hydroprogne caspia,7,Santa Margarita Ranch (LTC 079) (restricted access - guided groups only),4/26/2025,6:34 AM
Forster's Tern,Sterna,forsteri,Sterna forsteri,3,Falcon State Park--Butterfly Garden (Starr Co.),4/26/2025,4:39 PM
Forster's Tern,Sterna,forsteri,Sterna forsteri,2,Village Creek Drying Beds (PPW-W 083)--ACCESS CLOSED July 2025,1/1/2024,10:11 AM
Common Tern,Sterna,hirundo,Sterna hirundo,1,South Padre Is.--County Park mudflats N. of Conv Ctr.,4/28/2025,11:56 AM
Common Tern,Sterna,hirundo,Sterna hirundo,5,Fort Macon SP--Beach,4/13/2025,11:22 AM
Sterna sp.,Sterna,sp.,Sterna sp.,22,Fort Macon SP--Beach,4/13/2025,11:22 AM
Sandwich Tern,Thalasseus,sandvicensis,Thalasseus sandvicensis,1,South Padre Is.--Birding and Nature Center,4/28/2025,9:51 AM
Sandwich Tern,Thalasseus,sandvicensis,Thalasseus sandvicensis,7,South Padre Is.--County Park mudflats N. of Conv Ctr.,4/28/2025,11:56 AM
Sandwich Tern,Thalasseus,sandvicensis,Thalasseus sandvicensis,2,South Padre Is.--WBC/Conv. Center/Laguna Madre Trail (LTC 035),4/28/2025,1:55 PM
Sandwich Tern,Thalasseus,sandvicensis,Thalasseus sandvicensis,3,Fort Macon SP--Beach,4/13/2025,11:22 AM
Royal Tern,Thalasseus,maximus,Thalasseus maximus,2,South Padre Is.--Birding and Nature Center,4/28/2025,9:51 AM
Royal Tern,Thalasseus,maximus,Thalasseus maximus,20,South Padre Is.--County Park mudflats N. of Conv Ctr.,4/28/2025,11:56 AM
Royal Tern,Thalasseus,maximus,Thalasseus maximus,3,South Padre Is.--WBC/Conv. Center/Laguna Madre Trail (LTC 035),4/28/2025,1:55 PM
Royal Tern,Thalasseus,maximus,Thalasseus maximus,3,"101 Carolina Beach Avenue North, Carolina Beach, North Carolina, US (34.032, -77.892)",9/21/2024,3:20 PM
Least Grebe,Tachybaptus,dominicus,Tachybaptus dominicus,2,Estero Llano Grande SP WBC (LTC 054),4/27/2025,7:14 AM
Wood Stork,Mycteria,americana,Mycteria americana,1,Lake Maria Sanchez,1/17/2025,7:46 AM
Wood Stork,Mycteria,americana,Mycteria americana,1,Santa Margarita Ranch (LTC 079) (restricted access - guided groups only),4/26/2025,6:34 AM
Anhinga,Anhinga,anhinga,Anhinga anhinga,1,Lake Maria Sanchez,1/17/2025,7:46 AM
Double-crested Cormorant,Nannopterum,auritum,Nannopterum auritum,6,Fort Macon SP--Beach,4/13/2025,11:22 AM
Double-crested Cormorant,Nannopterum,auritum,Nannopterum auritum,13,White Rock Lake & Old Fish Hatchery (PPW-W 086),12/30/2023,11:39 AM
Double-crested Cormorant,Nannopterum,auritum,Nannopterum auritum,22,White Rock Lake & Old Fish Hatchery (PPW-W 086),12/30/2023,12:33 PM
Double-crested Cormorant,Nannopterum,auritum,Nannopterum auritum,70,White Rock Lake & Old Fish Hatchery (PPW-W 086),12/30/2023,1:38 PM
Double-crested Cormorant,Nannopterum,auritum,Nannopterum auritum,1,Sandy Creek Park,6/1/2024,8:08 AM
Double-crested Cormorant,Nannopterum,auritum,Nannopterum auritum,1,Lake Maria Sanchez,1/17/2025,7:46 AM
Double-crested Cormorant,Nannopterum,auritum,Nannopterum auritum,4,Santa Margarita Ranch (LTC 079) (restricted access - guided groups only),4/26/2025,6:34 AM
Double-crested Cormorant,Nannopterum,auritum,Nannopterum auritum,6,England Parkway Pond,12/22/2024,2:21 PM
Neotropic Cormorant,Nannopterum,brasilianum,Nannopterum brasilianum,2,South Padre Is.--Birding and Nature Center,4/28/2025,9:51 AM
Neotropic Cormorant,Nannopterum,brasilianum,Nannopterum brasilianum,1,South Padre Is.--County Park mudflats N. of Conv Ctr.,4/28/2025,11:56 AM
Neotropic Cormorant,Nannopterum,brasilianum,Nannopterum brasilianum,1,South Padre Is.--WBC/Conv. Center/Laguna Madre Trail (LTC 035),4/28/2025,1:55 PM
Neotropic Cormorant,Nannopterum,brasilianum,Nannopterum brasilianum,10,White Rock Lake & Old Fish Hatchery (PPW-W 086),12/30/2023,1:38 PM
Neotropic Cormorant,Nannopterum,brasilianum,Nannopterum brasilianum,2,Estero Llano Grande SP WBC (LTC 054),4/27/2025,7:14 AM
Neotropic Cormorant,Nannopterum,brasilianum,Nannopterum brasilianum,55,Santa Margarita Ranch (LTC 079) (restricted access - guided groups only),4/26/2025,6:34 AM
Double-crested/Neotropic Cormorant,Nannopterum,auritum/brasilianum,Nannopterum auritum/brasilianum,1,South Padre Is.--WBC/Conv. Center/Laguna Madre Trail (LTC 035),4/28/2025,1:55 PM
Double-crested/Neotropic Cormorant,Nannopterum,auritum/brasilianum,Nannopterum auritum/brasilianum,20,White Rock Lake & Old Fish Hatchery (PPW-W 086),12/30/2023,1:38 PM
White Ibis,Eudocimus,albus,Eudocimus albus,7,Cameron Co.--TX100--Aplomado Viewing Area,4/28/2025,5:51 PM
White Ibis,Eudocimus,albus,Eudocimus albus,1,South Padre Is.--Birding and Nature Center,4/28/2025,9:51 AM
White Ibis,Eudocimus,albus,Eudocimus albus,1,South Padre Is.--WBC/Conv. Center/Laguna Madre Trail (LTC 035),4/28/2025,1:55 PM
White Ibis,Eudocimus,albus,Eudocimus albus,40,Jordan Game Land--New Hope Creek (Durham Co. Seasonal Mudflats),7/21/2024,7:02 AM
White Ibis,Eudocimus,albus,Eudocimus albus,6,Lake Maria Sanchez,1/17/2025,7:46 AM
White Ibis,Eudocimus,albus,Eudocimus albus,3,Village Creek Drying Beds (PPW-W 083)--ACCESS CLOSED July 2025,12/30/2024,9:41 AM
White-faced Ibis,Plegadis,chihi,Plegadis chihi,1,Estero Llano Grande SP WBC (LTC 054),4/27/2025,7:14 AM
White-faced Ibis,Plegadis,chihi,Plegadis chihi,5,Village Creek Drying Beds (PPW-W 083)--ACCESS CLOSED July 2025,12/30/2024,9:41 AM
Roseate Spoonbill,Platalea,ajaja,Platalea ajaja,3,South Padre Is.--Birding and Nature Center,4/28/2025,9:51 AM
Roseate Spoonbill,Platalea,ajaja,Platalea ajaja,3,Jordan Game Land--New Hope Creek (Durham Co. Seasonal Mudflats),7/21/2024,7:02 AM
Roseate Spoonbill,Platalea,ajaja,Platalea ajaja,1,Estero Llano Grande SP WBC (LTC 054),4/27/2025,7:14 AM
Black-crowned Night Heron,Nycticorax,nycticorax,Nycticorax nycticorax,3,White Rock Lake & Old Fish Hatchery (PPW-W 086),12/30/2023,11:39 AM
Black-crowned Night Heron,Nycticorax,nycticorax,Nycticorax nycticorax,12,White Rock Lake & Old Fish Hatchery (PPW-W 086),12/30/2023,12:33 PM
Little Blue Heron,Egretta,caerulea,Egretta caerulea,1,South Padre Is.--WBC/Conv. Center/Laguna Madre Trail (LTC 035),4/28/2025,1:55 PM
Little Blue Heron,Egretta,caerulea,Egretta caerulea,8,Jordan Game Land--New Hope Creek (Durham Co. Seasonal Mudflats),7/21/2024,7:02 AM
Little Blue Heron,Egretta,caerulea,Egretta caerulea,2,Estero Llano Grande SP WBC (LTC 054),4/27/2025,7:14 AM
Little Blue Heron,Egretta,caerulea,Egretta caerulea,2,Lake Maria Sanchez,1/17/2025,7:46 AM
Tricolored Heron,Egretta,tricolor,Egretta tricolor,1,South Padre Is.--Birding and Nature Center,4/28/2025,9:51 AM
Tricolored Heron,Egretta,tricolor,Egretta tricolor,1,Lake Maria Sanchez,1/17/2025,7:46 AM
Reddish Egret,Egretta,rufescens,Egretta rufescens,1,Cameron Co.--TX100--Aplomado Viewing Area,4/28/2025,5:51 PM
Reddish Egret,Egretta,rufescens,Egretta rufescens,2,South Padre Is.--County Park mudflats N. of Conv Ctr.,4/28/2025,11:56 AM
Snowy Egret,Egretta,thula,Egretta thula,2,South Padre Is.--Birding and Nature Center,4/28/2025,9:51 AM
Snowy Egret,Egretta,thula,Egretta thula,1,South Padre Is.--WBC/Conv. Center/Laguna Madre Trail (LTC 035),4/28/2025,1:55 PM
Snowy Egret,Egretta,thula,Egretta thula,2,Estero Llano Grande SP WBC (LTC 054),4/27/2025,7:14 AM
Snowy Egret,Egretta,thula,Egretta thula,15,Santa Margarita Ranch (LTC 079) (restricted access - guided groups only),4/26/2025,6:34 AM
Green Heron,Butorides,virescens,Butorides virescens,5,South Padre Is.--Birding and Nature Center,4/28/2025,9:51 AM
Green Heron,Butorides,virescens,Butorides virescens,1,Jordan Game Land--New Hope Creek (Durham Co. Seasonal Mudflats),7/21/2024,7:02 AM
Green Heron,Butorides,virescens,Butorides virescens,4,Estero Llano Grande SP WBC (LTC 054),4/27/2025,7:14 AM
Green Heron,Butorides,virescens,Butorides virescens,1,Brumley Nature Preserve--North,10/21/2023,8:09 AM
Western Cattle-Egret,Ardea,ibis,Ardea ibis,5,South Padre Is.--Birding and Nature Center,4/28/2025,9:51 AM
Western Cattle-Egret,Ardea,ibis,Ardea ibis,2,Jordan Game Land--New Hope Creek (Durham Co. Seasonal Mudflats),7/21/2024,7:02 AM
Western Cattle-Egret,Ardea,ibis,Ardea ibis,1,Santa Margarita Ranch (LTC 079) (restricted access - guided groups only),4/26/2025,6:34 AM
Great Egret,Ardea,alba,Ardea alba,4,Cameron Co.--TX100--Aplomado Viewing Area,4/28/2025,8:58 AM
Great Egret,Ardea,alba,Ardea alba,2,Cameron Co.--TX100--Aplomado Viewing Area,4/28/2025,5:51 PM
Great Egret,Ardea,alba,Ardea alba,4,South Padre Is.--Birding and Nature Center,4/28/2025,9:51 AM
Great Egret,Ardea,alba,Ardea alba,1,South Padre Is.--County Park mudflats N. of Conv Ctr.,4/28/2025,11:56 AM
Great Egret,Ardea,alba,Ardea alba,1,South Padre Is.--WBC/Conv. Center/Laguna Madre Trail (LTC 035),4/28/2025,1:55 PM
Great Egret,Ardea,alba,Ardea alba,1,Fort Macon SP--Beach,4/13/2025,11:22 AM
Great Egret,Ardea,alba,Ardea alba,1,White Rock Lake & Old Fish Hatchery (PPW-W 086),12/30/2023,11:39 AM
Great Egret,Ardea,alba,Ardea alba,30,Jordan Game Land--New Hope Creek (Durham Co. Seasonal Mudflats),7/21/2024,7:02 AM
Great Egret,Ardea,alba,Ardea alba,5,Estero Llano Grande SP WBC (LTC 054),4/27/2025,7:14 AM
Great Egret,Ardea,alba,Ardea alba,1,Lake Maria Sanchez,1/17/2025,7:46 AM
Great Egret,Ardea,alba,Ardea alba,12,Santa Margarita Ranch (LTC 079) (restricted access - guided groups only),4/26/2025,6:34 AM
Great Egret,Ardea,alba,Ardea alba,1,England Parkway Pond,12/22/2024,2:21 PM
Gray Heron,Ardea,cinerea,Ardea cinerea,1,"Conakry, GN",7/3/2023,6:30 PM
Gray Heron,Ardea,cinerea,Ardea cinerea,X,Soulemania,7/1/2023,
Great Blue Heron,Ardea,herodias,Ardea herodias,1,Cameron Co.--TX100--Aplomado Viewing Area,4/28/2025,5:51 PM
Great Blue Heron,Ardea,herodias,Ardea herodias,1,South Padre Is.--Birding and Nature Center,4/28/2025,9:51 AM
Great Blue Heron,Ardea,herodias,Ardea herodias,1,Beaver Marsh Preserve,11/24/2023,7:50 AM
Great Blue Heron,Ardea,herodias,Ardea herodias,1,Duke University--Reclamation Pond,11/4/2023,10:03 AM
Great Blue Heron,Ardea,herodias,Ardea herodias,1,Duke University--Reclamation Pond,4/24/2024,8:06 AM
Great Blue Heron,Ardea,herodias,Ardea herodias,1,Flat River Waterfowl Impoundment,4/28/2024,7:28 AM
Great Blue Heron,Ardea,herodias,Ardea herodias,1,Flat River Waterfowl Impoundment,11/12/2024,8:33 AM
Great Blue Heron,Ardea,herodias,Ardea herodias,4,Jordan Game Land--New Hope Creek (Durham Co. Seasonal Mudflats),7/21/2024,7:02 AM
Great Blue Heron,Ardea,herodias,Ardea herodias,5,Sandy Creek Park,6/1/2024,8:08 AM
Great Blue Heron,Ardea,herodias,Ardea herodias,1,Sarah P. Duke Gardens (please do not report the ducks),10/21/2023,11:03 AM
Great Blue Heron,Ardea,herodias,Ardea herodias,1,Sarah P. Duke Gardens (please do not report the ducks),9/14/2024,9:17 AM
Great Blue Heron,Ardea,herodias,Ardea herodias,1,Leitner Drive/Holiday Inn Express Wetlands,2/9/2025,11:49 AM
Great Blue Heron,Ardea,herodias,Ardea herodias,1,Riverlands Migratory Bird Sanctuary,12/27/2023,11:45 AM
Great Blue Heron,Ardea,herodias,Ardea herodias,1,Riverlands Migratory Bird Sanctuary,12/27/2024,11:19 AM
Great Blue Heron,Ardea,herodias,Ardea herodias,1,Lake Maria Sanchez,1/17/2025,7:46 AM
Great Blue Heron,Ardea,herodias,Ardea herodias,1,Santa Margarita Ranch (LTC 079) (restricted access - guided groups only),4/26/2025,6:34 AM
Great Blue Heron,Ardea,herodias,Ardea herodias,1,England Parkway Pond,12/22/2024,2:21 PM
Great Blue Heron,Ardea,herodias,Ardea herodias,1,Village Creek Drying Beds (PPW-W 083)--ACCESS CLOSED July 2025,1/1/2024,10:11 AM
Great Blue Heron,Ardea,herodias,Ardea herodias,1,Village Creek Drying Beds (PPW-W 083)--ACCESS CLOSED July 2025,12/30/2024,9:41 AM
American White Pelican,Pelecanus,erythrorhynchos,Pelecanus erythrorhynchos,15,White Rock Lake & Old Fish Hatchery (PPW-W 086),12/30/2023,11:39 AM
American White Pelican,Pelecanus,erythrorhynchos,Pelecanus erythrorhynchos,20,White Rock Lake & Old Fish Hatchery (PPW-W 086),12/30/2023,12:33 PM
American White Pelican,Pelecanus,erythrorhynchos,Pelecanus erythrorhynchos,34,White Rock Lake & Old Fish Hatchery (PPW-W 086),12/30/2023,1:38 PM
American White Pelican,Pelecanus,erythrorhynchos,Pelecanus erythrorhynchos,35,Santa Margarita Ranch (LTC 079) (restricted access - guided groups only),4/26/2025,6:34 AM
Brown Pelican,Pelecanus,occidentalis,Pelecanus occidentalis,1,Cameron Co.--TX100--Aplomado Viewing Area,4/28/2025,5:51 PM
Brown Pelican,Pelecanus,occidentalis,Pelecanus occidentalis,9,South Padre Is.--Birding and Nature Center,4/28/2025,9:51 AM
Brown Pelican,Pelecanus,occidentalis,Pelecanus occidentalis,1,South Padre Is.--County Park mudflats N. of Conv Ctr.,4/28/2025,11:56 AM
Brown Pelican,Pelecanus,occidentalis,Pelecanus occidentalis,1,South Padre Is.--WBC/Conv. Center/Laguna Madre Trail (LTC 035),4/28/2025,1:55 PM
Brown Pelican,Pelecanus,occidentalis,Pelecanus occidentalis,20,Fort Macon SP--Beach,4/13/2025,11:22 AM
Brown Pelican,Pelecanus,occidentalis,Pelecanus occidentalis,9,"101 Carolina Beach Avenue North, Carolina Beach, North Carolina, US (34.032, -77.892)",9/21/2024,3:20 PM
Brown Pelican,Pelecanus,occidentalis,Pelecanus occidentalis,1,Lake Maria Sanchez,1/17/2025,7:46 AM
Black Vulture,Coragyps,atratus,Coragyps atratus,X,Dallas,7/16/2023,
Black Vulture,Coragyps,atratus,Coragyps atratus,1,White Rock Lake & Old Fish Hatchery (PPW-W 086),12/30/2023,11:39 AM
Black Vulture,Coragyps,atratus,Coragyps atratus,1,White Rock Lake & Old Fish Hatchery (PPW-W 086),12/30/2023,1:38 PM
Black Vulture,Coragyps,atratus,Coragyps atratus,1,"2080 Duke University Road, Durham, North Carolina, US (35.999, -78.933)",3/2/2024,3:45 PM
Black Vulture,Coragyps,atratus,Coragyps atratus,1,Duke University--Reclamation Pond,4/24/2024,8:06 AM
Black Vulture,Coragyps,atratus,Coragyps atratus,2,Flat River Waterfowl Impoundment,4/28/2024,7:28 AM
Black Vulture,Coragyps,atratus,Coragyps atratus,1,Flat River Waterfowl Impoundment,11/12/2024,8:33 AM
Black Vulture,Coragyps,atratus,Coragyps atratus,3,Brumley Nature Preserve--North,10/5/2024,8:26 AM
Black Vulture,Coragyps,atratus,Coragyps atratus,20,Santa Margarita Ranch (LTC 079) (restricted access - guided groups only),4/26/2025,6:34 AM
Black Vulture,Coragyps,atratus,Coragyps atratus,2,Village Creek Drying Beds (PPW-W 083)--ACCESS CLOSED July 2025,1/1/2024,10:11 AM
Black Vulture,Coragyps,atratus,Coragyps atratus,16,Village Creek Drying Beds (PPW-W 083)--ACCESS CLOSED July 2025,12/30/2024,9:41 AM
Turkey Vulture,Cathartes,aura,Cathartes aura,2,Cameron Co.--TX100--Aplomado Viewing Area,4/28/2025,5:51 PM
Turkey Vulture,Cathartes,aura,Cathartes aura,1,Fort Macon SP--Beach,4/13/2025,11:22 AM
Turkey Vulture,Cathartes,aura,Cathartes aura,1,White Rock Lake & Old Fish Hatchery (PPW-W 086),12/30/2023,11:39 AM
Turkey Vulture,Cathartes,aura,Cathartes aura,2,White Rock Lake & Old Fish Hatchery (PPW-W 086),12/30/2023,1:38 PM
Turkey Vulture,Cathartes,aura,Cathartes aura,2,"2080 Duke University Road, Durham, North Carolina, US (35.999, -78.933)",3/2/2024,3:45 PM
Turkey Vulture,Cathartes,aura,Cathartes aura,1,Duke University--East Campus,3/2/2024,4:42 PM
Turkey Vulture,Cathartes,aura,Cathartes aura,1,Duke University--Reclamation Pond,9/26/2023,9:35 AM
Turkey Vulture,Cathartes,aura,Cathartes aura,1,Flat River Waterfowl Impoundment,11/12/2024,8:33 AM
Turkey Vulture,Cathartes,aura,Cathartes aura,1,Sandy Creek Park,6/1/2024,8:08 AM
Turkey Vulture,Cathartes,aura,Cathartes aura,2,Estero Llano Grande SP WBC (LTC 054),4/27/2025,7:14 AM
Turkey Vulture,Cathartes,aura,Cathartes aura,1,Frontera Audubon Center (LTC 058),4/27/2025,2:32 PM
Turkey Vulture,Cathartes,aura,Cathartes aura,3,Brumley Nature Preserve--North,10/21/2023,8:09 AM
Turkey Vulture,Cathartes,aura,Cathartes aura,5,Brumley Nature Preserve--North,10/5/2024,8:26 AM
Turkey Vulture,Cathartes,aura,Cathartes aura,45,Santa Margarita Ranch (LTC 079) (restricted access - guided groups only),4/26/2025,6:34 AM
Turkey Vulture,Cathartes,aura,Cathartes aura,5,Starr County Park (Falcon Heights)(LTC 082),4/26/2025,2:46 PM
Turkey Vulture,Cathartes,aura,Cathartes aura,2,England Parkway Pond,12/22/2024,2:21 PM
Turkey Vulture,Cathartes,aura,Cathartes aura,6,Village Creek Drying Beds (PPW-W 083)--ACCESS CLOSED July 2025,12/30/2024,9:41 AM
Osprey,Pandion,haliaetus,Pandion haliaetus,1,South Padre Is.--Birding and Nature Center,4/28/2025,9:51 AM
Osprey,Pandion,haliaetus,Pandion haliaetus,1,Duke University--Reclamation Pond,4/24/2024,8:06 AM
Osprey,Pandion,haliaetus,Pandion haliaetus,1,Duke University--Reclamation Pond,5/21/2024,8:04 AM
Osprey,Pandion,haliaetus,Pandion haliaetus,2,Jordan Game Land--New Hope Creek (Durham Co. Seasonal Mudflats),7/21/2024,7:02 AM
Osprey,Pandion,haliaetus,Pandion haliaetus,2,Sandy Creek Park,6/1/2024,8:08 AM
Osprey,Pandion,haliaetus,Pandion haliaetus,1,"101 Carolina Beach Avenue North, Carolina Beach, North Carolina, US (34.032, -77.892)",9/21/2024,3:20 PM
Osprey,Pandion,haliaetus,Pandion haliaetus,1,Brumley Nature Preserve--North,10/5/2024,8:26 AM
Osprey,Pandion,haliaetus,Pandion haliaetus,3,Lake Maria Sanchez,1/17/2025,7:46 AM
Osprey,Pandion,haliaetus,Pandion haliaetus,2,Santa Margarita Ranch (LTC 079) (restricted access - guided groups only),4/26/2025,6:34 AM
Hooded Vulture,Necrosyrtes,monachus,Necrosyrtes monachus,5,"Conakry, GN",7/3/2023,10:56 AM
Lizard Buzzard,Kaupifalco,monogrammicus,Kaupifalco monogrammicus,1,"N1, Sandenia, Région de Faranah, GN",7/1/2023,8:00 AM
Sharp-shinned Hawk,Accipiter,striatus,Accipiter striatus,5,Santa Margarita Ranch (LTC 079) (restricted access - guided groups only),4/26/2025,6:34 AM
Cooper's Hawk,Astur,cooperii,Astur cooperii,2,Sarah P. Duke Gardens (please do not report the ducks),3/22/2024,8:15 AM
Cooper's Hawk,Astur,cooperii,Astur cooperii,1,Santa Margarita Ranch (LTC 079) (restricted access - guided groups only),4/26/2025,6:34 AM
Northern Harrier,Circus,hudsonius,Circus hudsonius,1,Riverlands Migratory Bird Sanctuary,12/27/2023,9:59 AM
Northern Harrier,Circus,hudsonius,Circus hudsonius,2,Riverlands Migratory Bird Sanctuary,12/27/2024,11:19 AM
Northern Harrier,Circus,hudsonius,Circus hudsonius,1,Riverlands Migratory Bird Sanctuary,12/27/2024,1:30 PM
Bald Eagle,Haliaeetus,leucocephalus,Haliaeetus leucocephalus,1,Fort Macon SP--Beach,4/13/2025,11:22 AM
Bald Eagle,Haliaeetus,leucocephalus,Haliaeetus leucocephalus,1,"2080 Duke University Road, Durham, North Carolina, US (35.999, -78.933)",3/2/2024,3:45 PM
Bald Eagle,Haliaeetus,leucocephalus,Haliaeetus leucocephalus,1,"16 North Trumbull Circle, Saint Charles, Missouri, US (38.814, -90.51)",12/25/2023,2:03 PM
Bald Eagle,Haliaeetus,leucocephalus,Haliaeetus leucocephalus,1,Confluence Point SP,12/27/2024,12:16 PM
Bald Eagle,Haliaeetus,leucocephalus,Haliaeetus leucocephalus,2,Frontier Park,12/26/2023,3:47 PM
Bald Eagle,Haliaeetus,leucocephalus,Haliaeetus leucocephalus,1,Riverlands Migratory Bird Sanctuary,12/27/2024,11:19 AM
Bald Eagle,Haliaeetus,leucocephalus,Haliaeetus leucocephalus,1,Riverlands Migratory Bird Sanctuary,12/27/2024,1:30 PM
Bald Eagle,Haliaeetus,leucocephalus,Haliaeetus leucocephalus,1,Creve Coeur Lake Memorial Park,12/26/2023,9:16 AM
Bald Eagle,Haliaeetus,leucocephalus,Haliaeetus leucocephalus,1,Village Creek Drying Beds (PPW-W 083)--ACCESS CLOSED July 2025,1/1/2024,10:11 AM
Mississippi Kite,Ictinia,mississippiensis,Ictinia mississippiensis,X,Dallas,7/9/2023,
Mississippi Kite,Ictinia,mississippiensis,Ictinia mississippiensis,4,Santa Margarita Ranch (LTC 079) (restricted access - guided groups only),4/26/2025,6:34 AM
White-tailed Hawk,Geranoaetus,albicaudatus,Geranoaetus albicaudatus,1,Cameron Co.--TX100--Aplomado Viewing Area,4/28/2025,5:51 PM
Gray Hawk,Buteo,plagiatus,Buteo plagiatus,1,Estero Llano Grande SP WBC (LTC 054),4/27/2025,7:14 AM
Gray Hawk,Buteo,plagiatus,Buteo plagiatus,6,Santa Margarita Ranch (LTC 079) (restricted access - guided groups only),4/26/2025,6:34 AM
Broad-winged Hawk,Buteo,platypterus,Buteo platypterus,1,Duke,5/11/2024,2:27 PM
Broad-winged Hawk,Buteo,platypterus,Buteo platypterus,12,Santa Margarita Ranch (LTC 079) (restricted access - guided groups only),4/26/2025,6:34 AM
Red-shouldered Hawk,Buteo,lineatus,Buteo lineatus,1,"2080 Duke University Road, Durham, North Carolina, US (35.999, -78.933)",3/2/2024,3:45 PM
Red-shouldered Hawk,Buteo,lineatus,Buteo lineatus,1,Beaver Marsh Preserve,11/24/2023,7:50 AM
Red-shouldered Hawk,Buteo,lineatus,Buteo lineatus,1,Duke University--Reclamation Pond,5/21/2024,8:04 AM
Red-shouldered Hawk,Buteo,lineatus,Buteo lineatus,X,Durham,9/3/2023,
Red-shouldered Hawk,Buteo,lineatus,Buteo lineatus,1,Durham,11/5/2023,8:22 AM
Red-shouldered Hawk,Buteo,lineatus,Buteo lineatus,1,Flat River Waterfowl Impoundment,11/12/2024,8:33 AM
Red-shouldered Hawk,Buteo,lineatus,Buteo lineatus,1,Sandy Creek Park,6/1/2024,8:08 AM
Red-shouldered Hawk,Buteo,lineatus,Buteo lineatus,1,Sarah P. Duke Gardens (please do not report the ducks),10/21/2023,11:03 AM
Red-shouldered Hawk,Buteo,lineatus,Buteo lineatus,1,Sarah P. Duke Gardens (please do not report the ducks),11/7/2023,9:11 AM
Red-shouldered Hawk,Buteo,lineatus,Buteo lineatus,1,Leitner Drive/Holiday Inn Express Wetlands,2/9/2025,11:49 AM
Red-shouldered Hawk,Buteo,lineatus,Buteo lineatus,1,Brumley Nature Preserve--North,10/5/2024,8:26 AM
Red-shouldered Hawk,Buteo,lineatus,Buteo lineatus,1,Village Creek Drying Beds (PPW-W 083)--ACCESS CLOSED July 2025,1/1/2024,10:11 AM
Red-shouldered Hawk,Buteo,lineatus,Buteo lineatus,3,Village Creek Drying Beds (PPW-W 083)--ACCESS CLOSED July 2025,12/30/2024,9:41 AM
Swainson's Hawk,Buteo,swainsoni,Buteo swainsoni,1,Estero Llano Grande SP--Tropical Zone only,4/27/2025,12:52 PM
Swainson's Hawk,Buteo,swainsoni,Buteo swainsoni,115,Santa Margarita Ranch (LTC 079) (restricted access - guided groups only),4/26/2025,6:34 AM
Red-tailed Hawk,Buteo,jamaicensis,Buteo jamaicensis,2,"2080 Duke University Road, Durham, North Carolina, US (35.999, -78.933)",3/2/2024,3:45 PM
Red-tailed Hawk,Buteo,jamaicensis,Buteo jamaicensis,1,Duke University--Reclamation Pond,11/4/2023,10:03 AM
Red-tailed Hawk,Buteo,jamaicensis,Buteo jamaicensis,1,Sarah P. Duke Gardens (please do not report the ducks),3/22/2024,8:15 AM
Red-tailed Hawk,Buteo,jamaicensis,Buteo jamaicensis,2,Sarah P. Duke Gardens (please do not report the ducks),9/14/2024,9:17 AM
Red-tailed Hawk,Buteo,jamaicensis,Buteo jamaicensis,1,Science Dr (Duke University),9/26/2023,9:18 AM
Red-tailed Hawk,Buteo,jamaicensis,Buteo jamaicensis,1,Pinewood/Elmwood Cemetery,2/9/2025,1:53 PM
Red-tailed Hawk,Buteo,jamaicensis,Buteo jamaicensis,1,"16 North Trumbull Circle, Saint Charles, Missouri, US (38.814, -90.51)",12/25/2023,2:03 PM
Red-tailed Hawk,Buteo,jamaicensis,Buteo jamaicensis,1,Confluence Point SP,12/27/2024,12:16 PM
Red-tailed Hawk,Buteo,jamaicensis,Buteo jamaicensis,1,Little Creve Coeur Ecological Area,12/26/2023,9:37 AM
Red-tailed Hawk,Buteo,jamaicensis,Buteo jamaicensis,2,Village Creek Drying Beds (PPW-W 083)--ACCESS CLOSED July 2025,1/1/2024,10:11 AM
Red-tailed Hawk,Buteo,jamaicensis,Buteo jamaicensis,1,Village Creek Drying Beds (PPW-W 083)--ACCESS CLOSED July 2025,12/30/2024,9:41 AM
West African Pied Hornbill,Lophoceros,semifasciatus,Lophoceros semifasciatus,X,Macenta,6/22/2023,
West African Pied Hornbill,Lophoceros,semifasciatus,Lophoceros semifasciatus,X,Macenta,6/25/2023,
West African Pied Hornbill,Lophoceros,semifasciatus,Lophoceros semifasciatus,2,Macenta,6/29/2023,7:49 AM
West African Pied Hornbill,Lophoceros,semifasciatus,Lophoceros semifasciatus,2,"N1, Sandenia, Région de Faranah, GN",7/1/2023,8:00 AM
West African Pied Hornbill,Lophoceros,semifasciatus,Lophoceros semifasciatus,2,Passima,6/26/2023,5:00 PM
Blue-breasted Kingfisher,Halcyon,malimbica,Halcyon malimbica,X,Soulemania,7/1/2023,
Blue-breasted Kingfisher,Halcyon,malimbica,Halcyon malimbica,X,"Soulemania, Région de Faranah, GN",6/30/2023,5:56 PM
Ringed Kingfisher,Megaceryle,torquata,Megaceryle torquata,1,Santa Margarita Ranch (LTC 079) (restricted access - guided groups only),4/26/2025,6:34 AM
Belted Kingfisher,Megaceryle,alcyon,Megaceryle alcyon,1,White Rock Lake & Old Fish Hatchery (PPW-W 086),12/30/2023,11:39 AM
Belted Kingfisher,Megaceryle,alcyon,Megaceryle alcyon,1,Beaver Marsh Preserve,11/24/2023,7:50 AM
Belted Kingfisher,Megaceryle,alcyon,Megaceryle alcyon,2,Sandy Creek Park,6/1/2024,8:08 AM
Belted Kingfisher,Megaceryle,alcyon,Megaceryle alcyon,1,"16 North Trumbull Circle, Saint Charles, Missouri, US (38.814, -90.51)",12/25/2023,2:03 PM
Belted Kingfisher,Megaceryle,alcyon,Megaceryle alcyon,1,Lake Maria Sanchez,1/17/2025,7:46 AM
Belted Kingfisher,Megaceryle,alcyon,Megaceryle alcyon,1,England Parkway Pond,12/22/2024,2:21 PM
Green Kingfisher,Chloroceryle,americana,Chloroceryle americana,4,Santa Margarita Ranch (LTC 079) (restricted access - guided groups only),4/26/2025,6:34 AM
Blue-bellied Roller,Coracias,cyanogaster,Coracias cyanogaster,5,"N1, Sandenia, Région de Faranah, GN",7/1/2023,8:00 AM
Yellow-rumped Tinkerbird,Pogoniulus,bilineatus,Pogoniulus bilineatus,X,Macenta,6/28/2023,
Yellow-bellied Sapsucker,Sphyrapicus,varius,Sphyrapicus varius,1,Beaver Marsh Preserve,11/24/2023,7:50 AM
Yellow-bellied Sapsucker,Sphyrapicus,varius,Sphyrapicus varius,1,Duke University--Reclamation Pond,10/24/2023,10:09 AM
Yellow-bellied Sapsucker,Sphyrapicus,varius,Sphyrapicus varius,1,Duke University--Reclamation Pond,11/4/2023,10:03 AM
Yellow-bellied Sapsucker,Sphyrapicus,varius,Sphyrapicus varius,1,Sarah P. Duke Gardens (please do not report the ducks),11/7/2023,9:11 AM
Yellow-bellied Sapsucker,Sphyrapicus,varius,Sphyrapicus varius,1,Leitner Drive/Holiday Inn Express Wetlands,2/9/2025,11:49 AM
Yellow-bellied Sapsucker,Sphyrapicus,varius,Sphyrapicus varius,2,Pinewood/Elmwood Cemetery,2/9/2025,1:53 PM
Yellow-bellied Sapsucker,Sphyrapicus,varius,Sphyrapicus varius,2,Brumley Nature Preserve--North,10/5/2024,8:26 AM
Yellow-bellied Sapsucker,Sphyrapicus,varius,Sphyrapicus varius,1,"16 North Trumbull Circle, Saint Charles, Missouri, US (38.814, -90.51)",12/25/2023,2:03 PM
Red-headed Woodpecker,Melanerpes,erythrocephalus,Melanerpes erythrocephalus,2,Flat River Waterfowl Impoundment,4/28/2024,7:28 AM
Red-headed Woodpecker,Melanerpes,erythrocephalus,Melanerpes erythrocephalus,2,Jordan Game Land--New Hope Creek (Durham Co. Seasonal Mudflats),7/21/2024,7:02 AM
Red-headed Woodpecker,Melanerpes,erythrocephalus,Melanerpes erythrocephalus,2,Sandy Creek Park,6/1/2024,8:08 AM
Golden-fronted Woodpecker,Melanerpes,aurifrons,Melanerpes aurifrons,3,Estero Llano Grande SP WBC (LTC 054),4/27/2025,7:14 AM
Golden-fronted Woodpecker,Melanerpes,aurifrons,Melanerpes aurifrons,1,Estero Llano Grande SP--Tropical Zone only,4/27/2025,12:52 PM
Golden-fronted Woodpecker,Melanerpes,aurifrons,Melanerpes aurifrons,2,Frontera Audubon Center (LTC 058),4/27/2025,2:32 PM
Golden-fronted Woodpecker,Melanerpes,aurifrons,Melanerpes aurifrons,12,Santa Margarita Ranch (LTC 079) (restricted access - guided groups only),4/26/2025,6:34 AM
Red-bellied Woodpecker,Melanerpes,carolinus,Melanerpes carolinus,X,Dallas,7/16/2023,
Red-bellied Woodpecker,Melanerpes,carolinus,Melanerpes carolinus,2,Beaver Marsh Preserve,11/24/2023,7:50 AM
Red-bellied Woodpecker,Melanerpes,carolinus,Melanerpes carolinus,1,Campus Dr. (Duke University),10/3/2023,9:17 AM
Red-bellied Woodpecker,Melanerpes,carolinus,Melanerpes carolinus,1,Duke University--Chapel Woods,3/2/2024,2:59 PM
Red-bellied Woodpecker,Melanerpes,carolinus,Melanerpes carolinus,1,Duke University--Chapel Woods,4/24/2024,7:19 AM
Red-bellied Woodpecker,Melanerpes,carolinus,Melanerpes carolinus,2,Duke University--Reclamation Pond,11/4/2023,10:03 AM
Red-bellied Woodpecker,Melanerpes,carolinus,Melanerpes carolinus,1,Duke University--Reclamation Pond,1/22/2024,2:40 PM
Red-bellied Woodpecker,Melanerpes,carolinus,Melanerpes carolinus,1,Duke University--Reclamation Pond,2/19/2024,10:41 AM
Red-bellied Woodpecker,Melanerpes,carolinus,Melanerpes carolinus,1,Duke University--Reclamation Pond,2/20/2024,9:12 AM
Red-bellied Woodpecker,Melanerpes,carolinus,Melanerpes carolinus,1,Duke University--Reclamation Pond,4/24/2024,8:06 AM
Red-bellied Woodpecker,Melanerpes,carolinus,Melanerpes carolinus,2,Flat River Waterfowl Impoundment,11/12/2024,8:33 AM
Red-bellied Woodpecker,Melanerpes,carolinus,Melanerpes carolinus,1,Jordan Game Land--New Hope Creek (Durham Co. Seasonal Mudflats),7/21/2024,7:02 AM
Red-bellied Woodpecker,Melanerpes,carolinus,Melanerpes carolinus,2,Sandy Creek Park,6/1/2024,8:08 AM
Red-bellied Woodpecker,Melanerpes,carolinus,Melanerpes carolinus,1,Sarah P. Duke Gardens (please do not report the ducks),9/19/2023,9:05 AM
Red-bellied Woodpecker,Melanerpes,carolinus,Melanerpes carolinus,2,Sarah P. Duke Gardens (please do not report the ducks),10/10/2023,9:00 AM
Red-bellied Woodpecker,Melanerpes,carolinus,Melanerpes carolinus,1,Sarah P. Duke Gardens (please do not report the ducks),10/21/2023,11:03 AM
Red-bellied Woodpecker,Melanerpes,carolinus,Melanerpes carolinus,1,Sarah P. Duke Gardens (please do not report the ducks),11/7/2023,9:11 AM
Red-bellied Woodpecker,Melanerpes,carolinus,Melanerpes carolinus,2,Sarah P. Duke Gardens (please do not report the ducks),3/22/2024,8:15 AM
Red-bellied Woodpecker,Melanerpes,carolinus,Melanerpes carolinus,1,Weymouth Woods Sandhills Nature Preserve,4/19/2025,6:48 AM
Red-bellied Woodpecker,Melanerpes,carolinus,Melanerpes carolinus,1,Brumley Nature Preserve--North,10/21/2023,8:09 AM
Red-bellied Woodpecker,Melanerpes,carolinus,Melanerpes carolinus,2,Brumley Nature Preserve--North,10/5/2024,8:26 AM
Red-bellied Woodpecker,Melanerpes,carolinus,Melanerpes carolinus,1,Frontier Park,12/26/2023,3:47 PM
Red-bellied Woodpecker,Melanerpes,carolinus,Melanerpes carolinus,2,Lake Maria Sanchez,1/17/2025,7:46 AM
Red-bellied Woodpecker,Melanerpes,carolinus,Melanerpes carolinus,2,Little Creve Coeur Ecological Area,12/26/2023,9:37 AM
Red-bellied Woodpecker,Melanerpes,carolinus,Melanerpes carolinus,2,Village Creek Drying Beds (PPW-W 083)--ACCESS CLOSED July 2025,1/1/2024,10:11 AM
Red-bellied Woodpecker,Melanerpes,carolinus,Melanerpes carolinus,2,Village Creek Drying Beds (PPW-W 083)--ACCESS CLOSED July 2025,12/30/2024,9:41 AM
Downy Woodpecker,Dryobates,pubescens,Dryobates pubescens,1,White Rock Lake & Old Fish Hatchery (PPW-W 086),12/30/2023,12:33 PM
Downy Woodpecker,Dryobates,pubescens,Dryobates pubescens,1,Beaver Marsh Preserve,11/24/2023,7:50 AM
Downy Woodpecker,Dryobates,pubescens,Dryobates pubescens,2,Duke University--Reclamation Pond,4/24/2024,8:06 AM
Downy Woodpecker,Dryobates,pubescens,Dryobates pubescens,1,Flat River Waterfowl Impoundment,4/28/2024,7:28 AM
Downy Woodpecker,Dryobates,pubescens,Dryobates pubescens,2,Flat River Waterfowl Impoundment,11/12/2024,8:33 AM
Downy Woodpecker,Dryobates,pubescens,Dryobates pubescens,1,Morris Green Park,1/7/2024,1:27 PM
Downy Woodpecker,Dryobates,pubescens,Dryobates pubescens,6,Sandy Creek Park,6/1/2024,8:08 AM
Downy Woodpecker,Dryobates,pubescens,Dryobates pubescens,3,Sarah P. Duke Gardens (please do not report the ducks),9/19/2023,9:05 AM
Downy Woodpecker,Dryobates,pubescens,Dryobates pubescens,1,Sarah P. Duke Gardens (please do not report the ducks),10/10/2023,9:00 AM
Downy Woodpecker,Dryobates,pubescens,Dryobates pubescens,1,Sarah P. Duke Gardens (please do not report the ducks),11/7/2023,9:11 AM
Downy Woodpecker,Dryobates,pubescens,Dryobates pubescens,1,Sarah P. Duke Gardens (please do not report the ducks),3/22/2024,8:15 AM
Downy Woodpecker,Dryobates,pubescens,Dryobates pubescens,2,Brumley Nature Preserve--North,10/21/2023,8:09 AM
Downy Woodpecker,Dryobates,pubescens,Dryobates pubescens,3,Brumley Nature Preserve--North,10/5/2024,8:26 AM
Downy Woodpecker,Dryobates,pubescens,Dryobates pubescens,1,"16 North Trumbull Circle, Saint Charles, Missouri, US (38.814, -90.51)",12/25/2023,2:03 PM
Downy Woodpecker,Dryobates,pubescens,Dryobates pubescens,1,Confluence Point SP,12/27/2024,12:16 PM
Downy Woodpecker,Dryobates,pubescens,Dryobates pubescens,1,Lake Maria Sanchez,1/17/2025,7:46 AM
Downy Woodpecker,Dryobates,pubescens,Dryobates pubescens,3,Little Creve Coeur Ecological Area,12/26/2023,9:37 AM
Downy Woodpecker,Dryobates,pubescens,Dryobates pubescens,1,Village Creek Drying Beds (PPW-W 083)--ACCESS CLOSED July 2025,1/1/2024,10:11 AM
Ladder-backed Woodpecker,Dryobates,scalaris,Dryobates scalaris,1,Estero Llano Grande SP WBC (LTC 054),4/27/2025,7:14 AM
Ladder-backed Woodpecker,Dryobates,scalaris,Dryobates scalaris,7,Santa Margarita Ranch (LTC 079) (restricted access - guided groups only),4/26/2025,6:34 AM
Red-cockaded Woodpecker,Dryobates,borealis,Dryobates borealis,6,Weymouth Woods Sandhills Nature Preserve,4/19/2025,6:48 AM
Hairy Woodpecker,Dryobates,villosus,Dryobates villosus,1,Flat River Waterfowl Impoundment,11/12/2024,8:33 AM
Hairy Woodpecker,Dryobates,villosus,Dryobates villosus,2,Sandy Creek Park,6/1/2024,8:08 AM
Hairy Woodpecker,Dryobates,villosus,Dryobates villosus,1,Sarah P. Duke Gardens (please do not report the ducks),9/19/2023,9:05 AM
Downy/Hairy Woodpecker,Dryobates,pubescens/villosus,Dryobates pubescens/villosus,1,Little Creve Coeur Ecological Area,12/26/2023,9:37 AM
Pileated Woodpecker,Dryocopus,pileatus,Dryocopus pileatus,1,Campus Dr. (Duke University),10/3/2023,9:17 AM
Pileated Woodpecker,Dryocopus,pileatus,Dryocopus pileatus,1,Flat River Waterfowl Impoundment,4/28/2024,7:28 AM
Pileated Woodpecker,Dryocopus,pileatus,Dryocopus pileatus,1,Flat River Waterfowl Impoundment,11/12/2024,8:33 AM
Pileated Woodpecker,Dryocopus,pileatus,Dryocopus pileatus,1,Weymouth Woods Sandhills Nature Preserve,4/19/2025,6:48 AM
Pileated Woodpecker,Dryocopus,pileatus,Dryocopus pileatus,1,Confluence Point SP,12/27/2024,12:16 PM
Northern Flicker,Colaptes,auratus,Colaptes auratus,1,"2080 Duke University Road, Durham, North Carolina, US (35.999, -78.933)",3/2/2024,3:45 PM
Northern Flicker,Colaptes,auratus,Colaptes auratus,2,Beaver Marsh Preserve,11/24/2023,7:50 AM
Northern Flicker,Colaptes,auratus,Colaptes auratus,1,Campus Dr. (Duke University),10/3/2023,9:17 AM
Northern Flicker,Colaptes,auratus,Colaptes auratus,1,Duke University--Chapel Woods,4/24/2024,7:19 AM
Northern Flicker,Colaptes,auratus,Colaptes auratus,1,Duke University--Reclamation Pond,9/26/2023,9:35 AM
Northern Flicker,Colaptes,auratus,Colaptes auratus,1,Duke University--Reclamation Pond,1/16/2024,9:07 AM
Northern Flicker,Colaptes,auratus,Colaptes auratus,1,Duke University--Reclamation Pond,2/20/2024,9:12 AM
Northern Flicker,Colaptes,auratus,Colaptes auratus,1,Duke University--Reclamation Pond,4/24/2024,8:06 AM
Northern Flicker,Colaptes,auratus,Colaptes auratus,1,Flat River Waterfowl Impoundment,11/12/2024,8:33 AM
Northern Flicker,Colaptes,auratus,Colaptes auratus,1,Sarah P. Duke Gardens (please do not report the ducks),10/10/2023,9:00 AM
Northern Flicker,Colaptes,auratus,Colaptes auratus,1,Weymouth Woods Sandhills Nature Preserve,4/19/2025,6:48 AM
Northern Flicker,Colaptes,auratus,Colaptes auratus,2,Brumley Nature Preserve--North,10/21/2023,8:09 AM
Northern Flicker,Colaptes,auratus,Colaptes auratus,2,Brumley Nature Preserve--North,10/5/2024,8:26 AM
Northern Flicker,Colaptes,auratus,Colaptes auratus,1,Riverlands Migratory Bird Sanctuary,12/27/2024,1:30 PM
Northern Flicker,Colaptes,auratus,Colaptes auratus,1,Village Creek Drying Beds (PPW-W 083)--ACCESS CLOSED July 2025,12/30/2024,9:41 AM
Crested Caracara,Caracara,plancus,Caracara plancus,2,Cameron Co.--TX100--Aplomado Viewing Area,4/28/2025,5:51 PM
Crested Caracara,Caracara,plancus,Caracara plancus,6,Santa Margarita Ranch (LTC 079) (restricted access - guided groups only),4/26/2025,6:34 AM
American Kestrel,Falco,sparverius,Falco sparverius,2,Confluence Point SP,12/27/2024,12:16 PM
American Kestrel,Falco,sparverius,Falco sparverius,1,Frontier Park,12/26/2023,3:47 PM
American Kestrel,Falco,sparverius,Falco sparverius,2,Riverlands Migratory Bird Sanctuary,12/27/2024,1:30 PM
American Kestrel,Falco,sparverius,Falco sparverius,5,Santa Margarita Ranch (LTC 079) (restricted access - guided groups only),4/26/2025,6:34 AM
American Kestrel,Falco,sparverius,Falco sparverius,2,Village Creek Drying Beds (PPW-W 083)--ACCESS CLOSED July 2025,1/1/2024,10:11 AM
American Kestrel,Falco,sparverius,Falco sparverius,2,Village Creek Drying Beds (PPW-W 083)--ACCESS CLOSED July 2025,12/30/2024,9:41 AM
Aplomado Falcon,Falco,femoralis,Falco femoralis,1,Cameron Co.--TX100--Aplomado Viewing Area,4/28/2025,5:51 PM
Rose-throated Becard,Pachyramphus,aglaiae,Pachyramphus aglaiae,2,Santa Margarita Ranch (LTC 079) (restricted access - guided groups only),4/26/2025,6:34 AM
Eastern Wood-Pewee,Contopus,virens,Contopus virens,1,South Padre Is.--WBC/Conv. Center/Laguna Madre Trail (LTC 035),4/28/2025,1:55 PM
Eastern Wood-Pewee,Contopus,virens,Contopus virens,2,Jordan Game Land--New Hope Creek (Durham Co. Seasonal Mudflats),7/21/2024,7:02 AM
Eastern Wood-Pewee,Contopus,virens,Contopus virens,1,Frontera Audubon Center (LTC 058),4/27/2025,2:32 PM
Eastern Wood-Pewee,Contopus,virens,Contopus virens,4,Brumley Nature Preserve--North,10/5/2024,8:26 AM
Acadian Flycatcher,Empidonax,virescens,Empidonax virescens,1,Sandy Creek Park,6/1/2024,8:08 AM
Least Flycatcher,Empidonax,minimus,Empidonax minimus,1,Santa Margarita Ranch (LTC 079) (restricted access - guided groups only),4/26/2025,6:34 AM
Western Flycatcher,Empidonax,difficilis,Empidonax difficilis,1,Morris Green Park,1/7/2024,1:27 PM
Black Phoebe,Sayornis,nigricans,Sayornis nigricans,1,Santa Margarita Ranch (LTC 079) (restricted access - guided groups only),4/26/2025,6:34 AM
Eastern Phoebe,Sayornis,phoebe,Sayornis phoebe,2,Beaver Marsh Preserve,11/24/2023,7:50 AM
Eastern Phoebe,Sayornis,phoebe,Sayornis phoebe,1,Duke University--Reclamation Pond,9/26/2023,9:35 AM
Eastern Phoebe,Sayornis,phoebe,Sayornis phoebe,1,Duke University--Reclamation Pond,11/4/2023,10:03 AM
Eastern Phoebe,Sayornis,phoebe,Sayornis phoebe,1,Duke University--Reclamation Pond,2/20/2024,9:12 AM
Eastern Phoebe,Sayornis,phoebe,Sayornis phoebe,3,Duke University--Reclamation Pond,4/24/2024,8:06 AM
Eastern Phoebe,Sayornis,phoebe,Sayornis phoebe,5,Duke University--Reclamation Pond,5/21/2024,8:04 AM
Eastern Phoebe,Sayornis,phoebe,Sayornis phoebe,2,Flat River Waterfowl Impoundment,11/12/2024,8:33 AM
Eastern Phoebe,Sayornis,phoebe,Sayornis phoebe,1,Jordan Game Land--New Hope Creek (Durham Co. Seasonal Mudflats),7/21/2024,7:02 AM
Eastern Phoebe,Sayornis,phoebe,Sayornis phoebe,1,Sandy Creek Park,6/1/2024,8:08 AM
Eastern Phoebe,Sayornis,phoebe,Sayornis phoebe,1,Sarah P. Duke Gardens (please do not report the ducks),10/10/2023,9:00 AM
Eastern Phoebe,Sayornis,phoebe,Sayornis phoebe,1,Sarah P. Duke Gardens (please do not report the ducks),10/21/2023,11:03 AM
Eastern Phoebe,Sayornis,phoebe,Sayornis phoebe,1,Sarah P. Duke Gardens (please do not report the ducks),11/7/2023,9:11 AM
Eastern Phoebe,Sayornis,phoebe,Sayornis phoebe,1,Sarah P. Duke Gardens (please do not report the ducks),9/3/2024,9:12 AM
Eastern Phoebe,Sayornis,phoebe,Sayornis phoebe,1,Sarah P. Duke Gardens (please do not report the ducks),9/14/2024,9:17 AM
Eastern Phoebe,Sayornis,phoebe,Sayornis phoebe,1,Leitner Drive/Holiday Inn Express Wetlands,2/9/2025,11:49 AM
Eastern Phoebe,Sayornis,phoebe,Sayornis phoebe,2,Brumley Nature Preserve--North,10/21/2023,8:09 AM
Eastern Phoebe,Sayornis,phoebe,Sayornis phoebe,2,Brumley Nature Preserve--North,10/5/2024,8:26 AM
Eastern Phoebe,Sayornis,phoebe,Sayornis phoebe,1,Lake Maria Sanchez,1/17/2025,7:46 AM
Eastern Phoebe,Sayornis,phoebe,Sayornis phoebe,1,281      North Camino Lagos,12/30/2023,10:12 AM
Eastern Phoebe,Sayornis,phoebe,Sayornis phoebe,2,Village Creek Drying Beds (PPW-W 083)--ACCESS CLOSED July 2025,1/1/2024,10:11 AM
Eastern Phoebe,Sayornis,phoebe,Sayornis phoebe,3,Village Creek Drying Beds (PPW-W 083)--ACCESS CLOSED July 2025,12/30/2024,9:41 AM
Vermilion Flycatcher,Pyrocephalus,rubinus,Pyrocephalus rubinus,2,Starr County Park (Falcon Heights)(LTC 082),4/26/2025,2:46 PM
Ash-throated Flycatcher,Myiarchus,cinerascens,Myiarchus cinerascens,6,Santa Margarita Ranch (LTC 079) (restricted access - guided groups only),4/26/2025,6:34 AM
Ash-throated Flycatcher,Myiarchus,cinerascens,Myiarchus cinerascens,1,Starr County Park (Falcon Heights)(LTC 082),4/26/2025,2:46 PM
Great Crested Flycatcher,Myiarchus,crinitus,Myiarchus crinitus,2,Duke University--Reclamation Pond,4/24/2024,8:06 AM
Great Crested Flycatcher,Myiarchus,crinitus,Myiarchus crinitus,2,Duke University--Reclamation Pond,5/21/2024,8:04 AM
Great Crested Flycatcher,Myiarchus,crinitus,Myiarchus crinitus,2,Flat River Waterfowl Impoundment,4/28/2024,7:28 AM
Great Crested Flycatcher,Myiarchus,crinitus,Myiarchus crinitus,1,Sandy Creek Park,6/1/2024,8:08 AM
Great Crested Flycatcher,Myiarchus,crinitus,Myiarchus crinitus,1,Weymouth Woods Sandhills Nature Preserve,4/19/2025,6:48 AM
Great Crested Flycatcher,Myiarchus,crinitus,Myiarchus crinitus,2,Santa Margarita Ranch (LTC 079) (restricted access - guided groups only),4/26/2025,6:34 AM
Brown-crested Flycatcher,Myiarchus,tyrannulus,Myiarchus tyrannulus,3,Estero Llano Grande SP WBC (LTC 054),4/27/2025,7:14 AM
Brown-crested Flycatcher,Myiarchus,tyrannulus,Myiarchus tyrannulus,3,Frontera Audubon Center (LTC 058),4/27/2025,2:32 PM
Brown-crested Flycatcher,Myiarchus,tyrannulus,Myiarchus tyrannulus,10,Santa Margarita Ranch (LTC 079) (restricted access - guided groups only),4/26/2025,6:34 AM
Great Kiskadee,Pitangus,sulphuratus,Pitangus sulphuratus,1,Estero Llano Grande SP WBC (LTC 054),4/27/2025,7:14 AM
Great Kiskadee,Pitangus,sulphuratus,Pitangus sulphuratus,15,Santa Margarita Ranch (LTC 079) (restricted access - guided groups only),4/26/2025,6:34 AM
Great Kiskadee,Pitangus,sulphuratus,Pitangus sulphuratus,1,Starr County Park (Falcon Heights)(LTC 082),4/26/2025,2:46 PM
Tropical Kingbird,Tyrannus,melancholicus,Tyrannus melancholicus,4,Santa Margarita Ranch (LTC 079) (restricted access - guided groups only),4/26/2025,6:34 AM
Couch's Kingbird,Tyrannus,couchii,Tyrannus couchii,1,South Padre Is.--WBC/Conv. Center/Laguna Madre Trail (LTC 035),4/28/2025,1:55 PM
Couch's Kingbird,Tyrannus,couchii,Tyrannus couchii,3,Estero Llano Grande SP WBC (LTC 054),4/27/2025,7:14 AM
Couch's Kingbird,Tyrannus,couchii,Tyrannus couchii,1,Frontera Audubon Center (LTC 058),4/27/2025,2:32 PM
Couch's Kingbird,Tyrannus,couchii,Tyrannus couchii,20,Santa Margarita Ranch (LTC 079) (restricted access - guided groups only),4/26/2025,6:34 AM
Western Kingbird,Tyrannus,verticalis,Tyrannus verticalis,4,Santa Margarita Ranch (LTC 079) (restricted access - guided groups only),4/26/2025,6:34 AM
Eastern Kingbird,Tyrannus,tyrannus,Tyrannus tyrannus,1,South Padre Is.--WBC/Conv. Center/Laguna Madre Trail (LTC 035),4/28/2025,1:55 PM
Eastern Kingbird,Tyrannus,tyrannus,Tyrannus tyrannus,1,Duke University--Reclamation Pond,5/21/2024,8:04 AM
Eastern Kingbird,Tyrannus,tyrannus,Tyrannus tyrannus,3,Flat River Waterfowl Impoundment,4/28/2024,7:28 AM
Eastern Kingbird,Tyrannus,tyrannus,Tyrannus tyrannus,1,Sandy Creek Park,6/1/2024,8:08 AM
Eastern Kingbird,Tyrannus,tyrannus,Tyrannus tyrannus,1,Santa Margarita Ranch (LTC 079) (restricted access - guided groups only),4/26/2025,6:34 AM
Scissor-tailed Flycatcher,Tyrannus,forficatus,Tyrannus forficatus,2,South Padre Is.--WBC/Conv. Center/Laguna Madre Trail (LTC 035),4/28/2025,1:55 PM
Scissor-tailed Flycatcher,Tyrannus,forficatus,Tyrannus forficatus,8,Santa Margarita Ranch (LTC 079) (restricted access - guided groups only),4/26/2025,6:34 AM
Scissor-tailed Flycatcher,Tyrannus,forficatus,Tyrannus forficatus,5,Starr County Park (Falcon Heights)(LTC 082),4/26/2025,2:46 PM
White-eyed Vireo,Vireo,griseus,Vireo griseus,1,Duke University--Reclamation Pond,4/6/2024,9:19 AM
White-eyed Vireo,Vireo,griseus,Vireo griseus,4,Flat River Waterfowl Impoundment,4/28/2024,7:28 AM
White-eyed Vireo,Vireo,griseus,Vireo griseus,X,French,4/6/2024,
White-eyed Vireo,Vireo,griseus,Vireo griseus,2,Brumley Nature Preserve--North,10/5/2024,8:26 AM
White-eyed Vireo,Vireo,griseus,Vireo griseus,1,Santa Margarita Ranch (LTC 079) (restricted access - guided groups only),4/26/2025,6:34 AM
Blue-headed Vireo,Vireo,solitarius,Vireo solitarius,1,Estero Llano Grande SP WBC (LTC 054),4/27/2025,7:14 AM
Blue-headed Vireo,Vireo,solitarius,Vireo solitarius,1,Santa Margarita Ranch (LTC 079) (restricted access - guided groups only),4/26/2025,6:34 AM
Red-eyed Vireo,Vireo,olivaceus,Vireo olivaceus,1,Flat River Waterfowl Impoundment,4/28/2024,7:28 AM
Red-eyed Vireo,Vireo,olivaceus,Vireo olivaceus,1,Sarah P. Duke Gardens (please do not report the ducks),9/19/2023,9:05 AM
Red-eyed Vireo,Vireo,olivaceus,Vireo olivaceus,1,Sarah P. Duke Gardens (please do not report the ducks),9/3/2024,9:12 AM
Red-eyed Vireo,Vireo,olivaceus,Vireo olivaceus,2,Brumley Nature Preserve--North,10/5/2024,8:26 AM
Brown Jay,Cyanocorax,morio,Cyanocorax morio,3,Santa Margarita Ranch (LTC 079) (restricted access - guided groups only),4/26/2025,6:34 AM
Green Jay,Cyanocorax,yncas,Cyanocorax yncas,4,Estero Llano Grande SP WBC (LTC 054),4/27/2025,7:14 AM
Green Jay,Cyanocorax,yncas,Cyanocorax yncas,18,Santa Margarita Ranch (LTC 079) (restricted access - guided groups only),4/26/2025,6:34 AM
Green Jay,Cyanocorax,yncas,Cyanocorax yncas,1,Starr County Park (Falcon Heights)(LTC 082),4/26/2025,2:46 PM
Blue Jay,Cyanocitta,cristata,Cyanocitta cristata,X,Dallas,7/16/2023,
Blue Jay,Cyanocitta,cristata,Cyanocitta cristata,1,"138 Science Drive, Durham, North Carolina, US (36.003, -78.944)",4/24/2024,7:52 AM
Blue Jay,Cyanocitta,cristata,Cyanocitta cristata,1,Campus Dr. (Duke University),10/3/2023,9:17 AM
Blue Jay,Cyanocitta,cristata,Cyanocitta cristata,1,Duke University--East Campus,3/2/2024,4:42 PM
Blue Jay,Cyanocitta,cristata,Cyanocitta cristata,2,Duke University--Reclamation Pond,9/26/2023,9:35 AM
Blue Jay,Cyanocitta,cristata,Cyanocitta cristata,4,Duke University--Reclamation Pond,11/4/2023,10:03 AM
Blue Jay,Cyanocitta,cristata,Cyanocitta cristata,3,Duke University--Reclamation Pond,1/16/2024,9:07 AM
Blue Jay,Cyanocitta,cristata,Cyanocitta cristata,4,Duke University--Reclamation Pond,2/20/2024,9:12 AM
Blue Jay,Cyanocitta,cristata,Cyanocitta cristata,2,Duke University--Reclamation Pond,4/24/2024,8:06 AM
Blue Jay,Cyanocitta,cristata,Cyanocitta cristata,1,Duke University--Reclamation Pond,5/21/2024,8:04 AM
Blue Jay,Cyanocitta,cristata,Cyanocitta cristata,3,Durham,11/5/2023,7:02 AM
Blue Jay,Cyanocitta,cristata,Cyanocitta cristata,2,Durham,11/5/2023,8:22 AM
Blue Jay,Cyanocitta,cristata,Cyanocitta cristata,1,Flat River Waterfowl Impoundment,4/28/2024,7:28 AM
Blue Jay,Cyanocitta,cristata,Cyanocitta cristata,6,Flat River Waterfowl Impoundment,11/12/2024,8:33 AM
Blue Jay,Cyanocitta,cristata,Cyanocitta cristata,7,Jordan Game Land--New Hope Creek (Durham Co. Seasonal Mudflats),7/21/2024,7:02 AM
Blue Jay,Cyanocitta,cristata,Cyanocitta cristata,1,Sandy Creek Park,6/1/2024,8:08 AM
Blue Jay,Cyanocitta,cristata,Cyanocitta cristata,3,Sarah P. Duke Gardens (please do not report the ducks),9/19/2023,9:05 AM
Blue Jay,Cyanocitta,cristata,Cyanocitta cristata,2,Sarah P. Duke Gardens (please do not report the ducks),10/10/2023,9:00 AM
Blue Jay,Cyanocitta,cristata,Cyanocitta cristata,1,Sarah P. Duke Gardens (please do not report the ducks),10/21/2023,11:03 AM
Blue Jay,Cyanocitta,cristata,Cyanocitta cristata,2,Sarah P. Duke Gardens (please do not report the ducks),11/7/2023,9:11 AM
Blue Jay,Cyanocitta,cristata,Cyanocitta cristata,1,Leitner Drive/Holiday Inn Express Wetlands,2/9/2025,11:49 AM
Blue Jay,Cyanocitta,cristata,Cyanocitta cristata,1,Pinewood/Elmwood Cemetery,2/9/2025,1:53 PM
Blue Jay,Cyanocitta,cristata,Cyanocitta cristata,1,Brumley Nature Preserve--North,10/21/2023,8:09 AM
Blue Jay,Cyanocitta,cristata,Cyanocitta cristata,3,Brumley Nature Preserve--North,10/5/2024,8:26 AM
Blue Jay,Cyanocitta,cristata,Cyanocitta cristata,3,Lake Maria Sanchez,1/17/2025,7:46 AM
Blue Jay,Cyanocitta,cristata,Cyanocitta cristata,1,Little Creve Coeur Ecological Area,12/26/2023,9:37 AM
Blue Jay,Cyanocitta,cristata,Cyanocitta cristata,1,Village Creek Drying Beds (PPW-W 083)--ACCESS CLOSED July 2025,12/30/2024,9:41 AM
American Crow,Corvus,brachyrhynchos,Corvus brachyrhynchos,X,Dallas,7/23/2023,
American Crow,Corvus,brachyrhynchos,Corvus brachyrhynchos,5,"2080 Duke University Road, Durham, North Carolina, US (35.999, -78.933)",3/2/2024,3:45 PM
American Crow,Corvus,brachyrhynchos,Corvus brachyrhynchos,7,Beaver Marsh Preserve,11/24/2023,7:50 AM
American Crow,Corvus,brachyrhynchos,Corvus brachyrhynchos,3,Duke,5/11/2024,2:27 PM
American Crow,Corvus,brachyrhynchos,Corvus brachyrhynchos,1,Duke University--Reclamation Pond,9/26/2023,9:35 AM
American Crow,Corvus,brachyrhynchos,Corvus brachyrhynchos,3,Duke University--Reclamation Pond,2/19/2024,10:41 AM
American Crow,Corvus,brachyrhynchos,Corvus brachyrhynchos,1,Duke University--Reclamation Pond,2/20/2024,9:12 AM
American Crow,Corvus,brachyrhynchos,Corvus brachyrhynchos,1,Duke University--Reclamation Pond,5/21/2024,8:04 AM
American Crow,Corvus,brachyrhynchos,Corvus brachyrhynchos,4,Durham,11/5/2023,7:02 AM
American Crow,Corvus,brachyrhynchos,Corvus brachyrhynchos,8,Durham,11/5/2023,8:22 AM
American Crow,Corvus,brachyrhynchos,Corvus brachyrhynchos,2,Flat River Waterfowl Impoundment,4/28/2024,7:28 AM
American Crow,Corvus,brachyrhynchos,Corvus brachyrhynchos,2,Flat River Waterfowl Impoundment,11/12/2024,8:33 AM
American Crow,Corvus,brachyrhynchos,Corvus brachyrhynchos,4,Morris Green Park,1/7/2024,1:27 PM
American Crow,Corvus,brachyrhynchos,Corvus brachyrhynchos,2,Sandy Creek Park,6/1/2024,8:08 AM
American Crow,Corvus,brachyrhynchos,Corvus brachyrhynchos,1,Sarah P. Duke Gardens (please do not report the ducks),10/10/2023,9:00 AM
American Crow,Corvus,brachyrhynchos,Corvus brachyrhynchos,1,Sarah P. Duke Gardens (please do not report the ducks),10/21/2023,11:03 AM
American Crow,Corvus,brachyrhynchos,Corvus brachyrhynchos,1,Sarah P. Duke Gardens (please do not report the ducks),3/22/2024,8:15 AM
American Crow,Corvus,brachyrhynchos,Corvus brachyrhynchos,1,Sarah P. Duke Gardens (please do not report the ducks),9/14/2024,9:17 AM
American Crow,Corvus,brachyrhynchos,Corvus brachyrhynchos,2,Pinewood/Elmwood Cemetery,2/9/2025,1:53 PM
American Crow,Corvus,brachyrhynchos,Corvus brachyrhynchos,3,Brumley Nature Preserve--North,10/21/2023,8:09 AM
American Crow,Corvus,brachyrhynchos,Corvus brachyrhynchos,2,Brumley Nature Preserve--North,10/5/2024,8:26 AM
American Crow,Corvus,brachyrhynchos,Corvus brachyrhynchos,3,Lake Maria Sanchez,1/17/2025,7:46 AM
American Crow,Corvus,brachyrhynchos,Corvus brachyrhynchos,2,Little Creve Coeur Ecological Area,12/26/2023,9:37 AM
American Crow,Corvus,brachyrhynchos,Corvus brachyrhynchos,7,England Parkway Pond,12/22/2024,2:21 PM
American Crow,Corvus,brachyrhynchos,Corvus brachyrhynchos,3,Village Creek Drying Beds (PPW-W 083)--ACCESS CLOSED July 2025,1/1/2024,10:11 AM
American Crow,Corvus,brachyrhynchos,Corvus brachyrhynchos,5,Village Creek Drying Beds (PPW-W 083)--ACCESS CLOSED July 2025,12/30/2024,9:41 AM
Fish Crow,Corvus,ossifragus,Corvus ossifragus,1,Fort Macon SP--Beach,4/13/2025,11:22 AM
Fish Crow,Corvus,ossifragus,Corvus ossifragus,X,Duke,9/3/2023,
Fish Crow,Corvus,ossifragus,Corvus ossifragus,15,Duke University--Reclamation Pond,2/19/2024,10:41 AM
Fish Crow,Corvus,ossifragus,Corvus ossifragus,4,Duke University--Reclamation Pond,4/6/2024,9:19 AM
Fish Crow,Corvus,ossifragus,Corvus ossifragus,2,Duke University--Reclamation Pond,5/21/2024,8:04 AM
Fish Crow,Corvus,ossifragus,Corvus ossifragus,1,Sarah P. Duke Gardens (please do not report the ducks),9/19/2023,9:05 AM
Fish Crow,Corvus,ossifragus,Corvus ossifragus,5,Weymouth Woods Sandhills Nature Preserve,4/19/2025,6:48 AM
American/Fish Crow,Corvus,brachyrhynchos/ossifragus,Corvus brachyrhynchos/ossifragus,2,Duke University--Reclamation Pond,2/20/2024,9:12 AM
Chihuahuan Raven,Corvus,cryptoleucus,Corvus cryptoleucus,17,Santa Margarita Ranch (LTC 079) (restricted access - guided groups only),4/26/2025,6:34 AM
Pied Crow,Corvus,albus,Corvus albus,2,"Conakry, GN",7/2/2023,3:00 PM
Pied Crow,Corvus,albus,Corvus albus,1,"Conakry, GN",7/3/2023,6:30 PM
Pied Crow,Corvus,albus,Corvus albus,X,Macenta,6/22/2023,
Pied Crow,Corvus,albus,Corvus albus,6,Macenta,6/29/2023,7:49 AM
Pied Crow,Corvus,albus,Corvus albus,3,Macenta,6/29/2023,10:27 AM
Pied Crow,Corvus,albus,Corvus albus,3,"N1, Sandenia, Région de Faranah, GN",7/1/2023,8:00 AM
Pied Crow,Corvus,albus,Corvus albus,3,Passima,6/26/2023,5:00 PM
Carolina Chickadee,Poecile,carolinensis,Poecile carolinensis,X,Dallas,7/16/2023,
Carolina Chickadee,Poecile,carolinensis,Poecile carolinensis,3,White Rock Lake & Old Fish Hatchery (PPW-W 086),12/30/2023,12:33 PM
Carolina Chickadee,Poecile,carolinensis,Poecile carolinensis,2,"2080 Duke University Road, Durham, North Carolina, US (35.999, -78.933)",3/2/2024,3:45 PM
Carolina Chickadee,Poecile,carolinensis,Poecile carolinensis,5,Beaver Marsh Preserve,11/24/2023,7:50 AM
Carolina Chickadee,Poecile,carolinensis,Poecile carolinensis,1,Duke University--Chapel Woods,3/2/2024,2:59 PM
Carolina Chickadee,Poecile,carolinensis,Poecile carolinensis,3,Duke University--Reclamation Pond,11/4/2023,10:03 AM
Carolina Chickadee,Poecile,carolinensis,Poecile carolinensis,2,Duke University--Reclamation Pond,1/16/2024,9:07 AM
Carolina Chickadee,Poecile,carolinensis,Poecile carolinensis,1,Duke University--Reclamation Pond,1/22/2024,2:40 PM
Carolina Chickadee,Poecile,carolinensis,Poecile carolinensis,4,Duke University--Reclamation Pond,2/19/2024,10:41 AM
Carolina Chickadee,Poecile,carolinensis,Poecile carolinensis,2,Duke University--Reclamation Pond,4/24/2024,8:06 AM
Carolina Chickadee,Poecile,carolinensis,Poecile carolinensis,2,Duke University--Reclamation Pond,5/21/2024,8:04 AM
Carolina Chickadee,Poecile,carolinensis,Poecile carolinensis,2,Flat River Waterfowl Impoundment,4/28/2024,7:28 AM
Carolina Chickadee,Poecile,carolinensis,Poecile carolinensis,5,Flat River Waterfowl Impoundment,11/12/2024,8:33 AM
Carolina Chickadee,Poecile,carolinensis,Poecile carolinensis,3,Sandy Creek Park,6/1/2024,8:08 AM
Carolina Chickadee,Poecile,carolinensis,Poecile carolinensis,5,Sarah P. Duke Gardens (please do not report the ducks),9/19/2023,9:05 AM
Carolina Chickadee,Poecile,carolinensis,Poecile carolinensis,3,Sarah P. Duke Gardens (please do not report the ducks),10/10/2023,9:00 AM
Carolina Chickadee,Poecile,carolinensis,Poecile carolinensis,2,Sarah P. Duke Gardens (please do not report the ducks),3/22/2024,8:15 AM
Carolina Chickadee,Poecile,carolinensis,Poecile carolinensis,5,Sarah P. Duke Gardens (please do not report the ducks),9/14/2024,9:17 AM
Carolina Chickadee,Poecile,carolinensis,Poecile carolinensis,1,Weymouth Woods Sandhills Nature Preserve,4/19/2025,6:48 AM
Carolina Chickadee,Poecile,carolinensis,Poecile carolinensis,4,Brumley Nature Preserve--North,10/21/2023,8:09 AM
Carolina Chickadee,Poecile,carolinensis,Poecile carolinensis,7,Brumley Nature Preserve--North,10/5/2024,8:26 AM
Carolina Chickadee,Poecile,carolinensis,Poecile carolinensis,2,Lake Maria Sanchez,1/17/2025,7:46 AM
Carolina Chickadee,Poecile,carolinensis,Poecile carolinensis,3,Village Creek Drying Beds (PPW-W 083)--ACCESS CLOSED July 2025,1/1/2024,10:11 AM
Carolina Chickadee,Poecile,carolinensis,Poecile carolinensis,3,Village Creek Drying Beds (PPW-W 083)--ACCESS CLOSED July 2025,12/30/2024,9:41 AM
Carolina/Black-capped Chickadee,Poecile,carolinensis/atricapillus,Poecile carolinensis/atricapillus,5,"16 North Trumbull Circle, Saint Charles, Missouri, US (38.814, -90.51)",12/25/2023,2:03 PM
Carolina/Black-capped Chickadee,Poecile,carolinensis/atricapillus,Poecile carolinensis/atricapillus,2,Confluence Point SP,12/27/2024,12:16 PM
Carolina/Black-capped Chickadee,Poecile,carolinensis/atricapillus,Poecile carolinensis/atricapillus,5,Little Creve Coeur Ecological Area,12/26/2023,9:37 AM
Tufted Titmouse,Baeolophus,bicolor,Baeolophus bicolor,2,"2080 Duke University Road, Durham, North Carolina, US (35.999, -78.933)",3/2/2024,3:45 PM
Tufted Titmouse,Baeolophus,bicolor,Baeolophus bicolor,2,Beaver Marsh Preserve,11/24/2023,7:50 AM
Tufted Titmouse,Baeolophus,bicolor,Baeolophus bicolor,2,Duke University--Chapel Woods,3/2/2024,2:59 PM
Tufted Titmouse,Baeolophus,bicolor,Baeolophus bicolor,2,Duke University--East Campus,3/2/2024,4:42 PM
Tufted Titmouse,Baeolophus,bicolor,Baeolophus bicolor,4,Duke University--Reclamation Pond,11/4/2023,10:03 AM
Tufted Titmouse,Baeolophus,bicolor,Baeolophus bicolor,2,Duke University--Reclamation Pond,1/22/2024,2:40 PM
Tufted Titmouse,Baeolophus,bicolor,Baeolophus bicolor,1,Duke University--Reclamation Pond,2/19/2024,10:41 AM
Tufted Titmouse,Baeolophus,bicolor,Baeolophus bicolor,1,Duke University--Reclamation Pond,4/6/2024,9:19 AM
Tufted Titmouse,Baeolophus,bicolor,Baeolophus bicolor,1,Duke University--Reclamation Pond,4/24/2024,8:06 AM
Tufted Titmouse,Baeolophus,bicolor,Baeolophus bicolor,1,Duke University--Reclamation Pond,5/21/2024,8:04 AM
Tufted Titmouse,Baeolophus,bicolor,Baeolophus bicolor,1,Flat River Waterfowl Impoundment,4/28/2024,7:28 AM
Tufted Titmouse,Baeolophus,bicolor,Baeolophus bicolor,5,Flat River Waterfowl Impoundment,11/12/2024,8:33 AM
Tufted Titmouse,Baeolophus,bicolor,Baeolophus bicolor,4,Sandy Creek Park,6/1/2024,8:08 AM
Tufted Titmouse,Baeolophus,bicolor,Baeolophus bicolor,3,Sarah P. Duke Gardens (please do not report the ducks),9/19/2023,9:05 AM
Tufted Titmouse,Baeolophus,bicolor,Baeolophus bicolor,2,Sarah P. Duke Gardens (please do not report the ducks),10/10/2023,9:00 AM
Tufted Titmouse,Baeolophus,bicolor,Baeolophus bicolor,3,Sarah P. Duke Gardens (please do not report the ducks),10/21/2023,11:03 AM
Tufted Titmouse,Baeolophus,bicolor,Baeolophus bicolor,2,Sarah P. Duke Gardens (please do not report the ducks),11/7/2023,9:11 AM
Tufted Titmouse,Baeolophus,bicolor,Baeolophus bicolor,1,Sarah P. Duke Gardens (please do not report the ducks),3/22/2024,8:15 AM
Tufted Titmouse,Baeolophus,bicolor,Baeolophus bicolor,2,Sarah P. Duke Gardens (please do not report the ducks),9/3/2024,9:12 AM
Tufted Titmouse,Baeolophus,bicolor,Baeolophus bicolor,1,Brumley Nature Preserve--North,10/21/2023,8:09 AM
Tufted Titmouse,Baeolophus,bicolor,Baeolophus bicolor,3,Brumley Nature Preserve--North,10/5/2024,8:26 AM
Tufted Titmouse,Baeolophus,bicolor,Baeolophus bicolor,6,Confluence Point SP,12/27/2024,12:16 PM
Tufted Titmouse,Baeolophus,bicolor,Baeolophus bicolor,2,Lake Maria Sanchez,1/17/2025,7:46 AM
Tufted Titmouse,Baeolophus,bicolor,Baeolophus bicolor,1,Little Creve Coeur Ecological Area,12/26/2023,9:37 AM
Black-crested Titmouse,Baeolophus,atricristatus,Baeolophus atricristatus,1,Estero Llano Grande SP WBC (LTC 054),4/27/2025,7:14 AM
Black-crested Titmouse,Baeolophus,atricristatus,Baeolophus atricristatus,1,Estero Llano Grande SP--Tropical Zone only,4/27/2025,12:52 PM
Black-crested Titmouse,Baeolophus,atricristatus,Baeolophus atricristatus,10,Santa Margarita Ranch (LTC 079) (restricted access - guided groups only),4/26/2025,6:34 AM
Verdin,Auriparus,flaviceps,Auriparus flaviceps,1,Falcon State Park--Butterfly Garden (Starr Co.),4/26/2025,4:39 PM
Verdin,Auriparus,flaviceps,Auriparus flaviceps,6,Santa Margarita Ranch (LTC 079) (restricted access - guided groups only),4/26/2025,6:34 AM
Olive-green Camaroptera,Camaroptera,chloronota,Camaroptera chloronota,1,Macenta,6/29/2023,10:27 AM
Fanti Sawwing,Psalidoprocne,obscura,Psalidoprocne obscura,1,Macenta,6/29/2023,10:27 AM
Fanti Sawwing,Psalidoprocne,obscura,Psalidoprocne obscura,2,Macenta,6/30/2023,10:53 AM
Bank Swallow,Riparia,riparia,Riparia riparia,1,Falcon State Park--Butterfly Garden (Starr Co.),4/26/2025,4:39 PM
Bank Swallow,Riparia,riparia,Riparia riparia,40,Santa Margarita Ranch (LTC 079) (restricted access - guided groups only),4/26/2025,6:34 AM
Purple Martin,Progne,subis,Progne subis,1,Estero Llano Grande SP WBC (LTC 054),4/27/2025,7:14 AM
Purple Martin,Progne,subis,Progne subis,5,Santa Margarita Ranch (LTC 079) (restricted access - guided groups only),4/26/2025,6:34 AM
Northern Rough-winged Swallow,Stelgidopteryx,serripennis,Stelgidopteryx serripennis,3,Fort Macon SP--Beach,4/13/2025,11:22 AM
Northern Rough-winged Swallow,Stelgidopteryx,serripennis,Stelgidopteryx serripennis,1,Duke University--Reclamation Pond,10/24/2023,10:09 AM
Northern Rough-winged Swallow,Stelgidopteryx,serripennis,Stelgidopteryx serripennis,7,Duke University--Reclamation Pond,4/24/2024,8:06 AM
Northern Rough-winged Swallow,Stelgidopteryx,serripennis,Stelgidopteryx serripennis,1,Duke University--Reclamation Pond,5/21/2024,8:04 AM
Northern Rough-winged Swallow,Stelgidopteryx,serripennis,Stelgidopteryx serripennis,9,Sandy Creek Park,6/1/2024,8:08 AM
Barn Swallow,Hirundo,rustica,Hirundo rustica,5,Cameron Co.--TX100--Aplomado Viewing Area,4/28/2025,5:51 PM
Barn Swallow,Hirundo,rustica,Hirundo rustica,5,South Padre Is.--County Park mudflats N. of Conv Ctr.,4/28/2025,11:56 AM
Barn Swallow,Hirundo,rustica,Hirundo rustica,2,South Padre Is.--WBC/Conv. Center/Laguna Madre Trail (LTC 035),4/28/2025,1:55 PM
Barn Swallow,Hirundo,rustica,Hirundo rustica,6,Fort Macon SP--Beach,4/13/2025,11:22 AM
Barn Swallow,Hirundo,rustica,Hirundo rustica,4,Santa Margarita Ranch (LTC 079) (restricted access - guided groups only),4/26/2025,6:34 AM
European/African Red-rumped Swallow,Cecropis,rufula/melanocrissus,Cecropis rufula/melanocrissus,1,Macenta,6/30/2023,10:53 AM
Cliff Swallow,Petrochelidon,pyrrhonota,Petrochelidon pyrrhonota,20,Santa Margarita Ranch (LTC 079) (restricted access - guided groups only),4/26/2025,6:34 AM
Cave Swallow,Petrochelidon,fulva,Petrochelidon fulva,3,Falcon State Park--Butterfly Garden (Starr Co.),4/26/2025,4:39 PM
Cave Swallow,Petrochelidon,fulva,Petrochelidon fulva,4,Santa Margarita Ranch (LTC 079) (restricted access - guided groups only),4/26/2025,6:34 AM
Common Bulbul,Pycnonotus,barbatus,Pycnonotus barbatus,3,"Conakry, GN",7/2/2023,3:00 PM
Common Bulbul,Pycnonotus,barbatus,Pycnonotus barbatus,7,"Conakry, GN",7/2/2023,7:02 PM
Common Bulbul,Pycnonotus,barbatus,Pycnonotus barbatus,8,"Conakry, GN",7/3/2023,10:56 AM
Common Bulbul,Pycnonotus,barbatus,Pycnonotus barbatus,7,"Conakry, GN",7/3/2023,6:30 PM
Common Bulbul,Pycnonotus,barbatus,Pycnonotus barbatus,4,"Conakry, GN",7/4/2023,11:25 AM
Common Bulbul,Pycnonotus,barbatus,Pycnonotus barbatus,5,Macenta,6/19/2023,5:00 PM
Common Bulbul,Pycnonotus,barbatus,Pycnonotus barbatus,4,Macenta,6/29/2023,7:49 AM
Common Bulbul,Pycnonotus,barbatus,Pycnonotus barbatus,4,Macenta,6/29/2023,10:27 AM
Brown Babbler,Turdoides,plebejus,Turdoides plebejus,8,"Conakry, GN",7/2/2023,3:00 PM
Blackcap Babbler,Turdoides,reinwardtii,Turdoides reinwardtii,X,Macenta,6/19/2023,
Ruby-crowned Kinglet,Corthylio,calendula,Corthylio calendula,2,White Rock Lake & Old Fish Hatchery (PPW-W 086),12/30/2023,11:39 AM
Ruby-crowned Kinglet,Corthylio,calendula,Corthylio calendula,2,White Rock Lake & Old Fish Hatchery (PPW-W 086),12/30/2023,12:33 PM
Ruby-crowned Kinglet,Corthylio,calendula,Corthylio calendula,3,Beaver Marsh Preserve,11/24/2023,7:50 AM
Ruby-crowned Kinglet,Corthylio,calendula,Corthylio calendula,1,Duke University--Chapel Woods,4/24/2024,7:19 AM
Ruby-crowned Kinglet,Corthylio,calendula,Corthylio calendula,2,Duke University--Reclamation Pond,11/4/2023,10:03 AM
Ruby-crowned Kinglet,Corthylio,calendula,Corthylio calendula,1,Duke University--Reclamation Pond,1/16/2024,9:07 AM
Ruby-crowned Kinglet,Corthylio,calendula,Corthylio calendula,1,Duke University--Reclamation Pond,2/20/2024,9:12 AM
Ruby-crowned Kinglet,Corthylio,calendula,Corthylio calendula,1,Duke University--Reclamation Pond,4/6/2024,9:19 AM
Ruby-crowned Kinglet,Corthylio,calendula,Corthylio calendula,3,Flat River Waterfowl Impoundment,11/12/2024,8:33 AM
Ruby-crowned Kinglet,Corthylio,calendula,Corthylio calendula,1,Morris Green Park,1/7/2024,1:27 PM
Ruby-crowned Kinglet,Corthylio,calendula,Corthylio calendula,1,Sarah P. Duke Gardens (please do not report the ducks),10/10/2023,9:00 AM
Ruby-crowned Kinglet,Corthylio,calendula,Corthylio calendula,1,Sarah P. Duke Gardens (please do not report the ducks),10/21/2023,11:03 AM
Ruby-crowned Kinglet,Corthylio,calendula,Corthylio calendula,1,Sarah P. Duke Gardens (please do not report the ducks),11/7/2023,9:11 AM
Ruby-crowned Kinglet,Corthylio,calendula,Corthylio calendula,1,Sarah P. Duke Gardens (please do not report the ducks),3/22/2024,8:15 AM
Ruby-crowned Kinglet,Corthylio,calendula,Corthylio calendula,1,Brumley Nature Preserve--North,10/21/2023,8:09 AM
Ruby-crowned Kinglet,Corthylio,calendula,Corthylio calendula,1,Brumley Nature Preserve--North,10/5/2024,8:26 AM
Ruby-crowned Kinglet,Corthylio,calendula,Corthylio calendula,1,281      North Camino Lagos,12/30/2023,10:12 AM
Ruby-crowned Kinglet,Corthylio,calendula,Corthylio calendula,2,Village Creek Drying Beds (PPW-W 083)--ACCESS CLOSED July 2025,1/1/2024,10:11 AM
Ruby-crowned Kinglet,Corthylio,calendula,Corthylio calendula,1,Village Creek Drying Beds (PPW-W 083)--ACCESS CLOSED July 2025,12/30/2024,9:41 AM
Golden-crowned Kinglet,Regulus,satrapa,Regulus satrapa,3,Beaver Marsh Preserve,11/24/2023,7:50 AM
Golden-crowned Kinglet,Regulus,satrapa,Regulus satrapa,1,Duke University--Chapel Woods,3/2/2024,2:59 PM
Golden-crowned Kinglet,Regulus,satrapa,Regulus satrapa,1,Duke University--Reclamation Pond,11/4/2023,10:03 AM
Golden-crowned Kinglet,Regulus,satrapa,Regulus satrapa,X,Durham,10/17/2023,
Golden-crowned Kinglet,Regulus,satrapa,Regulus satrapa,1,Flat River Waterfowl Impoundment,11/12/2024,8:33 AM
Golden-crowned Kinglet,Regulus,satrapa,Regulus satrapa,1,Brumley Nature Preserve--North,10/21/2023,8:09 AM
Golden-crowned Kinglet,Regulus,satrapa,Regulus satrapa,1,Village Creek Drying Beds (PPW-W 083)--ACCESS CLOSED July 2025,12/30/2024,9:41 AM
White-breasted Nuthatch,Sitta,carolinensis,Sitta carolinensis,1,Beaver Marsh Preserve,11/24/2023,7:50 AM
White-breasted Nuthatch,Sitta,carolinensis,Sitta carolinensis,1,Campus Dr. (Duke University),10/3/2023,9:17 AM
White-breasted Nuthatch,Sitta,carolinensis,Sitta carolinensis,1,Duke University--Reclamation Pond,11/4/2023,10:03 AM
White-breasted Nuthatch,Sitta,carolinensis,Sitta carolinensis,1,Duke University--Reclamation Pond,2/19/2024,10:41 AM
White-breasted Nuthatch,Sitta,carolinensis,Sitta carolinensis,1,Duke University--Reclamation Pond,5/21/2024,8:04 AM
White-breasted Nuthatch,Sitta,carolinensis,Sitta carolinensis,1,Flat River Waterfowl Impoundment,11/12/2024,8:33 AM
White-breasted Nuthatch,Sitta,carolinensis,Sitta carolinensis,2,Sarah P. Duke Gardens (please do not report the ducks),9/19/2023,9:05 AM
White-breasted Nuthatch,Sitta,carolinensis,Sitta carolinensis,2,Sarah P. Duke Gardens (please do not report the ducks),10/10/2023,9:00 AM
White-breasted Nuthatch,Sitta,carolinensis,Sitta carolinensis,1,Sarah P. Duke Gardens (please do not report the ducks),9/14/2024,9:17 AM
Brown-headed Nuthatch,Sitta,pusilla,Sitta pusilla,2,"138 Science Drive, Durham, North Carolina, US (36.003, -78.944)",5/11/2024,2:46 PM
Brown-headed Nuthatch,Sitta,pusilla,Sitta pusilla,2,"2080 Duke University Road, Durham, North Carolina, US (35.999, -78.933)",3/2/2024,3:45 PM
Brown-headed Nuthatch,Sitta,pusilla,Sitta pusilla,1,Campus Dr. (Duke University),10/3/2023,9:17 AM
Brown-headed Nuthatch,Sitta,pusilla,Sitta pusilla,3,Duke,5/11/2024,2:27 PM
Brown-headed Nuthatch,Sitta,pusilla,Sitta pusilla,2,Duke University--Chapel Woods,3/2/2024,2:59 PM
Brown-headed Nuthatch,Sitta,pusilla,Sitta pusilla,1,Duke University--Chapel Woods,3/22/2024,7:58 AM
Brown-headed Nuthatch,Sitta,pusilla,Sitta pusilla,2,Duke University--Chapel Woods,4/24/2024,7:19 AM
Brown-headed Nuthatch,Sitta,pusilla,Sitta pusilla,2,Duke University--Reclamation Pond,1/16/2024,9:07 AM
Brown-headed Nuthatch,Sitta,pusilla,Sitta pusilla,2,Duke University--Reclamation Pond,2/19/2024,10:41 AM
Brown-headed Nuthatch,Sitta,pusilla,Sitta pusilla,3,Duke University--Reclamation Pond,4/24/2024,8:06 AM
Brown-headed Nuthatch,Sitta,pusilla,Sitta pusilla,1,Duke University--Reclamation Pond,5/21/2024,8:04 AM
Brown-headed Nuthatch,Sitta,pusilla,Sitta pusilla,3,Jordan Game Land--New Hope Creek (Durham Co. Seasonal Mudflats),7/21/2024,7:02 AM
Brown-headed Nuthatch,Sitta,pusilla,Sitta pusilla,3,Sarah P. Duke Gardens (please do not report the ducks),9/19/2023,9:05 AM
Brown-headed Nuthatch,Sitta,pusilla,Sitta pusilla,2,Sarah P. Duke Gardens (please do not report the ducks),10/10/2023,9:00 AM
Brown-headed Nuthatch,Sitta,pusilla,Sitta pusilla,1,Sarah P. Duke Gardens (please do not report the ducks),10/21/2023,11:03 AM
Brown-headed Nuthatch,Sitta,pusilla,Sitta pusilla,2,Sarah P. Duke Gardens (please do not report the ducks),11/7/2023,9:11 AM
Brown-headed Nuthatch,Sitta,pusilla,Sitta pusilla,4,Sarah P. Duke Gardens (please do not report the ducks),3/22/2024,8:15 AM
Brown-headed Nuthatch,Sitta,pusilla,Sitta pusilla,2,Sarah P. Duke Gardens (please do not report the ducks),9/3/2024,9:12 AM
Brown-headed Nuthatch,Sitta,pusilla,Sitta pusilla,3,Sarah P. Duke Gardens (please do not report the ducks),9/14/2024,9:17 AM
Brown-headed Nuthatch,Sitta,pusilla,Sitta pusilla,2,Weymouth Woods Sandhills Nature Preserve,4/19/2025,6:48 AM
Brown-headed Nuthatch,Sitta,pusilla,Sitta pusilla,1,Brumley Nature Preserve--North,10/21/2023,8:09 AM
Brown Creeper,Certhia,americana,Certhia americana,1,Flat River Waterfowl Impoundment,11/12/2024,8:33 AM
Brown Creeper,Certhia,americana,Certhia americana,1,Little Creve Coeur Ecological Area,12/26/2023,9:37 AM
Blue-gray Gnatcatcher,Polioptila,caerulea,Polioptila caerulea,2,Duke,5/11/2024,2:27 PM
Blue-gray Gnatcatcher,Polioptila,caerulea,Polioptila caerulea,1,Duke University--Reclamation Pond,4/24/2024,8:06 AM
Blue-gray Gnatcatcher,Polioptila,caerulea,Polioptila caerulea,2,Duke University--Reclamation Pond,5/21/2024,8:04 AM
Blue-gray Gnatcatcher,Polioptila,caerulea,Polioptila caerulea,5,Flat River Waterfowl Impoundment,4/28/2024,7:28 AM
Blue-gray Gnatcatcher,Polioptila,caerulea,Polioptila caerulea,3,Jordan Game Land--New Hope Creek (Durham Co. Seasonal Mudflats),7/21/2024,7:02 AM
Blue-gray Gnatcatcher,Polioptila,caerulea,Polioptila caerulea,5,Sandy Creek Park,6/1/2024,8:08 AM
Blue-gray Gnatcatcher,Polioptila,caerulea,Polioptila caerulea,1,Sarah P. Duke Gardens (please do not report the ducks),9/19/2023,9:05 AM
Northern House Wren,Troglodytes,aedon,Troglodytes aedon,1,Sandy Creek Park,6/1/2024,8:08 AM
Northern House Wren,Troglodytes,aedon,Troglodytes aedon,1,Brumley Nature Preserve--North,10/21/2023,8:09 AM
Winter Wren,Troglodytes,hiemalis,Troglodytes hiemalis,1,Flat River Waterfowl Impoundment,11/12/2024,8:33 AM
Marsh Wren,Cistothorus,palustris,Cistothorus palustris,1,Village Creek Drying Beds (PPW-W 083)--ACCESS CLOSED July 2025,1/1/2024,10:11 AM
Carolina Wren,Thryothorus,ludovicianus,Thryothorus ludovicianus,X,Dallas,7/16/2023,
Carolina Wren,Thryothorus,ludovicianus,Thryothorus ludovicianus,1,"2080 Duke University Road, Durham, North Carolina, US (35.999, -78.933)",3/2/2024,3:45 PM
Carolina Wren,Thryothorus,ludovicianus,Thryothorus ludovicianus,3,Beaver Marsh Preserve,11/24/2023,7:50 AM
Carolina Wren,Thryothorus,ludovicianus,Thryothorus ludovicianus,2,Campus Dr. (Duke University),10/3/2023,9:17 AM
Carolina Wren,Thryothorus,ludovicianus,Thryothorus ludovicianus,2,Duke University--Chapel Woods,3/2/2024,2:59 PM
Carolina Wren,Thryothorus,ludovicianus,Thryothorus ludovicianus,1,Duke University--Chapel Woods,3/22/2024,7:58 AM
Carolina Wren,Thryothorus,ludovicianus,Thryothorus ludovicianus,1,Duke University--Chapel Woods,4/24/2024,7:19 AM
Carolina Wren,Thryothorus,ludovicianus,Thryothorus ludovicianus,1,Duke University--Reclamation Pond,9/26/2023,9:35 AM
Carolina Wren,Thryothorus,ludovicianus,Thryothorus ludovicianus,5,Duke University--Reclamation Pond,11/4/2023,10:03 AM
Carolina Wren,Thryothorus,ludovicianus,Thryothorus ludovicianus,2,Duke University--Reclamation Pond,1/16/2024,9:07 AM
Carolina Wren,Thryothorus,ludovicianus,Thryothorus ludovicianus,1,Duke University--Reclamation Pond,1/22/2024,2:40 PM
Carolina Wren,Thryothorus,ludovicianus,Thryothorus ludovicianus,2,Duke University--Reclamation Pond,2/19/2024,10:41 AM
Carolina Wren,Thryothorus,ludovicianus,Thryothorus ludovicianus,2,Duke University--Reclamation Pond,2/20/2024,9:12 AM
Carolina Wren,Thryothorus,ludovicianus,Thryothorus ludovicianus,1,Duke University--Reclamation Pond,4/6/2024,9:19 AM
Carolina Wren,Thryothorus,ludovicianus,Thryothorus ludovicianus,1,Duke University--Reclamation Pond,4/24/2024,8:06 AM
Carolina Wren,Thryothorus,ludovicianus,Thryothorus ludovicianus,2,Duke University--Reclamation Pond,5/21/2024,8:04 AM
Carolina Wren,Thryothorus,ludovicianus,Thryothorus ludovicianus,1,Durham,11/5/2023,8:22 AM
Carolina Wren,Thryothorus,ludovicianus,Thryothorus ludovicianus,2,Flat River Waterfowl Impoundment,4/28/2024,7:28 AM
Carolina Wren,Thryothorus,ludovicianus,Thryothorus ludovicianus,2,Flat River Waterfowl Impoundment,11/12/2024,8:33 AM
Carolina Wren,Thryothorus,ludovicianus,Thryothorus ludovicianus,3,Jordan Game Land--New Hope Creek (Durham Co. Seasonal Mudflats),7/21/2024,7:02 AM
Carolina Wren,Thryothorus,ludovicianus,Thryothorus ludovicianus,3,Sandy Creek Park,6/1/2024,8:08 AM
Carolina Wren,Thryothorus,ludovicianus,Thryothorus ludovicianus,4,Sarah P. Duke Gardens (please do not report the ducks),9/19/2023,9:05 AM
Carolina Wren,Thryothorus,ludovicianus,Thryothorus ludovicianus,5,Sarah P. Duke Gardens (please do not report the ducks),10/10/2023,9:00 AM
Carolina Wren,Thryothorus,ludovicianus,Thryothorus ludovicianus,2,Sarah P. Duke Gardens (please do not report the ducks),3/22/2024,8:15 AM
Carolina Wren,Thryothorus,ludovicianus,Thryothorus ludovicianus,2,Sarah P. Duke Gardens (please do not report the ducks),9/3/2024,9:12 AM
Carolina Wren,Thryothorus,ludovicianus,Thryothorus ludovicianus,2,Sarah P. Duke Gardens (please do not report the ducks),9/14/2024,9:17 AM
Carolina Wren,Thryothorus,ludovicianus,Thryothorus ludovicianus,1,Frontera Audubon Center (LTC 058),4/27/2025,2:32 PM
Carolina Wren,Thryothorus,ludovicianus,Thryothorus ludovicianus,1,Leitner Drive/Holiday Inn Express Wetlands,2/9/2025,11:49 AM
Carolina Wren,Thryothorus,ludovicianus,Thryothorus ludovicianus,1,Pinewood/Elmwood Cemetery,2/9/2025,1:53 PM
Carolina Wren,Thryothorus,ludovicianus,Thryothorus ludovicianus,6,Brumley Nature Preserve--North,10/21/2023,8:09 AM
Carolina Wren,Thryothorus,ludovicianus,Thryothorus ludovicianus,2,Brumley Nature Preserve--North,10/5/2024,8:26 AM
Carolina Wren,Thryothorus,ludovicianus,Thryothorus ludovicianus,2,Frontier Park,12/26/2023,3:47 PM
Carolina Wren,Thryothorus,ludovicianus,Thryothorus ludovicianus,5,Santa Margarita Ranch (LTC 079) (restricted access - guided groups only),4/26/2025,6:34 AM
Carolina Wren,Thryothorus,ludovicianus,Thryothorus ludovicianus,1,Village Creek Drying Beds (PPW-W 083)--ACCESS CLOSED July 2025,1/1/2024,10:11 AM
Carolina Wren,Thryothorus,ludovicianus,Thryothorus ludovicianus,3,Village Creek Drying Beds (PPW-W 083)--ACCESS CLOSED July 2025,12/30/2024,9:41 AM
Bewick's Wren,Thryomanes,bewickii,Thryomanes bewickii,X,Dallas,7/16/2023,
Bewick's Wren,Thryomanes,bewickii,Thryomanes bewickii,1,Falcon State Park--Butterfly Garden (Starr Co.),4/26/2025,4:39 PM
Bewick's Wren,Thryomanes,bewickii,Thryomanes bewickii,3,Santa Margarita Ranch (LTC 079) (restricted access - guided groups only),4/26/2025,6:34 AM
Bewick's Wren,Thryomanes,bewickii,Thryomanes bewickii,1,Starr County Park (Falcon Heights)(LTC 082),4/26/2025,2:46 PM
Bewick's Wren,Thryomanes,bewickii,Thryomanes bewickii,1,281      North Camino Lagos,12/30/2023,10:12 AM
Cactus Wren,Campylorhynchus,brunneicapillus,Campylorhynchus brunneicapillus,1,Estero Llano Grande SP WBC (LTC 054),4/27/2025,7:14 AM
Cactus Wren,Campylorhynchus,brunneicapillus,Campylorhynchus brunneicapillus,1,Santa Margarita Ranch (LTC 079) (restricted access - guided groups only),4/26/2025,6:34 AM
European Starling,Sturnus,vulgaris,Sturnus vulgaris,2,Duke University--Reclamation Pond,11/4/2023,10:03 AM
European Starling,Sturnus,vulgaris,Sturnus vulgaris,2,Duke University--Reclamation Pond,1/16/2024,9:07 AM
European Starling,Sturnus,vulgaris,Sturnus vulgaris,2,Duke University--Reclamation Pond,4/24/2024,8:06 AM
European Starling,Sturnus,vulgaris,Sturnus vulgaris,5,Duke University--Reclamation Pond,5/21/2024,8:04 AM
European Starling,Sturnus,vulgaris,Sturnus vulgaris,20,Durham,11/5/2023,7:02 AM
European Starling,Sturnus,vulgaris,Sturnus vulgaris,3,Durham,11/5/2023,8:22 AM
European Starling,Sturnus,vulgaris,Sturnus vulgaris,5,Sandy Creek Park,6/1/2024,8:08 AM
European Starling,Sturnus,vulgaris,Sturnus vulgaris,5,Estero Llano Grande SP WBC (LTC 054),4/27/2025,7:14 AM
European Starling,Sturnus,vulgaris,Sturnus vulgaris,12,Pinewood/Elmwood Cemetery,2/9/2025,1:53 PM
European Starling,Sturnus,vulgaris,Sturnus vulgaris,3,Frontier Park,12/26/2023,3:47 PM
European Starling,Sturnus,vulgaris,Sturnus vulgaris,1,Little Creve Coeur Ecological Area,12/26/2023,9:37 AM
European Starling,Sturnus,vulgaris,Sturnus vulgaris,2,281      North Camino Lagos,12/30/2023,10:12 AM
European Starling,Sturnus,vulgaris,Sturnus vulgaris,5,England Parkway Pond,12/22/2024,2:21 PM
European Starling,Sturnus,vulgaris,Sturnus vulgaris,7,Village Creek Drying Beds (PPW-W 083)--ACCESS CLOSED July 2025,12/30/2024,9:41 AM
Gray Catbird,Dumetella,carolinensis,Dumetella carolinensis,1,"138 Science Drive, Durham, North Carolina, US (36.003, -78.944)",5/11/2024,2:46 PM
Gray Catbird,Dumetella,carolinensis,Dumetella carolinensis,2,Duke University--Chapel Woods,4/24/2024,7:19 AM
Gray Catbird,Dumetella,carolinensis,Dumetella carolinensis,4,Duke University--Reclamation Pond,4/24/2024,8:06 AM
Gray Catbird,Dumetella,carolinensis,Dumetella carolinensis,2,Duke University--Reclamation Pond,5/21/2024,8:04 AM
Gray Catbird,Dumetella,carolinensis,Dumetella carolinensis,2,Flat River Waterfowl Impoundment,4/28/2024,7:28 AM
Gray Catbird,Dumetella,carolinensis,Dumetella carolinensis,1,Jordan Game Land--New Hope Creek (Durham Co. Seasonal Mudflats),7/21/2024,7:02 AM
Gray Catbird,Dumetella,carolinensis,Dumetella carolinensis,2,Sarah P. Duke Gardens (please do not report the ducks),9/19/2023,9:05 AM
Gray Catbird,Dumetella,carolinensis,Dumetella carolinensis,1,Sarah P. Duke Gardens (please do not report the ducks),10/10/2023,9:00 AM
Gray Catbird,Dumetella,carolinensis,Dumetella carolinensis,1,Sarah P. Duke Gardens (please do not report the ducks),11/7/2023,9:11 AM
Gray Catbird,Dumetella,carolinensis,Dumetella carolinensis,1,Sarah P. Duke Gardens (please do not report the ducks),9/3/2024,9:12 AM
Gray Catbird,Dumetella,carolinensis,Dumetella carolinensis,4,Sarah P. Duke Gardens (please do not report the ducks),9/14/2024,9:17 AM
Gray Catbird,Dumetella,carolinensis,Dumetella carolinensis,1,Science Dr (Duke University),9/26/2023,9:18 AM
Gray Catbird,Dumetella,carolinensis,Dumetella carolinensis,1,Frontera Audubon Center (LTC 058),4/27/2025,2:32 PM
Gray Catbird,Dumetella,carolinensis,Dumetella carolinensis,2,Brumley Nature Preserve--North,10/21/2023,8:09 AM
Gray Catbird,Dumetella,carolinensis,Dumetella carolinensis,8,Brumley Nature Preserve--North,10/5/2024,8:26 AM
Curve-billed Thrasher,Toxostoma,curvirostre,Toxostoma curvirostre,1,Frontera Audubon Center (LTC 058),4/27/2025,2:32 PM
Curve-billed Thrasher,Toxostoma,curvirostre,Toxostoma curvirostre,3,Starr County Park (Falcon Heights)(LTC 082),4/26/2025,2:46 PM
Brown Thrasher,Toxostoma,rufum,Toxostoma rufum,1,White Rock Lake & Old Fish Hatchery (PPW-W 086),12/30/2023,11:39 AM
Brown Thrasher,Toxostoma,rufum,Toxostoma rufum,1,"138 Science Drive, Durham, North Carolina, US (36.003, -78.944)",4/24/2024,7:52 AM
Brown Thrasher,Toxostoma,rufum,Toxostoma rufum,X,Duke,8/23/2023,
Brown Thrasher,Toxostoma,rufum,Toxostoma rufum,1,Duke University--Chapel Woods,3/2/2024,2:59 PM
Brown Thrasher,Toxostoma,rufum,Toxostoma rufum,1,Duke University--Chapel Woods,4/24/2024,7:19 AM
Brown Thrasher,Toxostoma,rufum,Toxostoma rufum,1,Duke University--Reclamation Pond,11/4/2023,10:03 AM
Brown Thrasher,Toxostoma,rufum,Toxostoma rufum,1,Duke University--Reclamation Pond,2/19/2024,10:41 AM
Brown Thrasher,Toxostoma,rufum,Toxostoma rufum,1,Duke University--Reclamation Pond,4/6/2024,9:19 AM
Brown Thrasher,Toxostoma,rufum,Toxostoma rufum,1,Duke University--Reclamation Pond,4/24/2024,8:06 AM
Brown Thrasher,Toxostoma,rufum,Toxostoma rufum,1,Flat River Waterfowl Impoundment,11/12/2024,8:33 AM
Brown Thrasher,Toxostoma,rufum,Toxostoma rufum,1,Jordan Game Land--New Hope Creek (Durham Co. Seasonal Mudflats),7/21/2024,7:02 AM
Brown Thrasher,Toxostoma,rufum,Toxostoma rufum,1,Sarah P. Duke Gardens (please do not report the ducks),9/19/2023,9:05 AM
Brown Thrasher,Toxostoma,rufum,Toxostoma rufum,1,Science Dr (Duke University),9/26/2023,9:18 AM
Brown Thrasher,Toxostoma,rufum,Toxostoma rufum,1,Brumley Nature Preserve--North,10/21/2023,8:09 AM
Brown Thrasher,Toxostoma,rufum,Toxostoma rufum,1,Brumley Nature Preserve--North,10/5/2024,8:26 AM
Long-billed Thrasher,Toxostoma,longirostre,Toxostoma longirostre,1,Estero Llano Grande SP WBC (LTC 054),4/27/2025,7:14 AM
Long-billed Thrasher,Toxostoma,longirostre,Toxostoma longirostre,1,Estero Llano Grande SP--Tropical Zone only,4/27/2025,12:52 PM
Long-billed Thrasher,Toxostoma,longirostre,Toxostoma longirostre,12,Santa Margarita Ranch (LTC 079) (restricted access - guided groups only),4/26/2025,6:34 AM
Northern Mockingbird,Mimus,polyglottos,Mimus polyglottos,1,Cameron Co.--TX100--Aplomado Viewing Area,4/28/2025,8:58 AM
Northern Mockingbird,Mimus,polyglottos,Mimus polyglottos,1,South Padre Is.--WBC/Conv. Center/Laguna Madre Trail (LTC 035),4/28/2025,1:55 PM
Northern Mockingbird,Mimus,polyglottos,Mimus polyglottos,2,Fort Macon SP--Beach,4/13/2025,11:22 AM
Northern Mockingbird,Mimus,polyglottos,Mimus polyglottos,1,"138 Science Drive, Durham, North Carolina, US (36.003, -78.944)",4/24/2024,7:52 AM
Northern Mockingbird,Mimus,polyglottos,Mimus polyglottos,1,"138 Science Drive, Durham, North Carolina, US (36.003, -78.944)",5/11/2024,2:46 PM
Northern Mockingbird,Mimus,polyglottos,Mimus polyglottos,1,"2080 Duke University Road, Durham, North Carolina, US (35.999, -78.933)",3/2/2024,3:45 PM
Northern Mockingbird,Mimus,polyglottos,Mimus polyglottos,1,Duke,5/11/2024,2:27 PM
Northern Mockingbird,Mimus,polyglottos,Mimus polyglottos,1,Duke University--Chapel Woods,3/2/2024,2:59 PM
Northern Mockingbird,Mimus,polyglottos,Mimus polyglottos,2,Duke University--Chapel Woods,3/22/2024,7:58 AM
Northern Mockingbird,Mimus,polyglottos,Mimus polyglottos,2,Duke University--East Campus,3/2/2024,4:42 PM
Northern Mockingbird,Mimus,polyglottos,Mimus polyglottos,1,Duke University--Reclamation Pond,9/26/2023,9:35 AM
Northern Mockingbird,Mimus,polyglottos,Mimus polyglottos,3,Duke University--Reclamation Pond,11/4/2023,10:03 AM
Northern Mockingbird,Mimus,polyglottos,Mimus polyglottos,1,Duke University--Reclamation Pond,1/16/2024,9:07 AM
Northern Mockingbird,Mimus,polyglottos,Mimus polyglottos,2,Duke University--Reclamation Pond,2/19/2024,10:41 AM
Northern Mockingbird,Mimus,polyglottos,Mimus polyglottos,3,Duke University--Reclamation Pond,2/20/2024,9:12 AM
Northern Mockingbird,Mimus,polyglottos,Mimus polyglottos,1,Duke University--Reclamation Pond,4/6/2024,9:19 AM
Northern Mockingbird,Mimus,polyglottos,Mimus polyglottos,2,Duke University--Reclamation Pond,4/24/2024,8:06 AM
Northern Mockingbird,Mimus,polyglottos,Mimus polyglottos,2,Duke University--Reclamation Pond,5/21/2024,8:04 AM
Northern Mockingbird,Mimus,polyglottos,Mimus polyglottos,2,Durham,11/5/2023,8:22 AM
Northern Mockingbird,Mimus,polyglottos,Mimus polyglottos,11,Jordan Game Land--New Hope Creek (Durham Co. Seasonal Mudflats),7/21/2024,7:02 AM
Northern Mockingbird,Mimus,polyglottos,Mimus polyglottos,3,Sarah P. Duke Gardens (please do not report the ducks),9/19/2023,9:05 AM
Northern Mockingbird,Mimus,polyglottos,Mimus polyglottos,2,Sarah P. Duke Gardens (please do not report the ducks),10/10/2023,9:00 AM
Northern Mockingbird,Mimus,polyglottos,Mimus polyglottos,1,Sarah P. Duke Gardens (please do not report the ducks),11/7/2023,9:11 AM
Northern Mockingbird,Mimus,polyglottos,Mimus polyglottos,1,Science Dr (Duke University),9/26/2023,9:18 AM
Northern Mockingbird,Mimus,polyglottos,Mimus polyglottos,5,Estero Llano Grande SP WBC (LTC 054),4/27/2025,7:14 AM
Northern Mockingbird,Mimus,polyglottos,Mimus polyglottos,1,Frontera Audubon Center (LTC 058),4/27/2025,2:32 PM
Northern Mockingbird,Mimus,polyglottos,Mimus polyglottos,1,Leitner Drive/Holiday Inn Express Wetlands,2/9/2025,11:49 AM
Northern Mockingbird,Mimus,polyglottos,Mimus polyglottos,4,Pinewood/Elmwood Cemetery,2/9/2025,1:53 PM
Northern Mockingbird,Mimus,polyglottos,Mimus polyglottos,1,Brumley Nature Preserve--North,10/21/2023,8:09 AM
Northern Mockingbird,Mimus,polyglottos,Mimus polyglottos,2,Brumley Nature Preserve--North,10/5/2024,8:26 AM
Northern Mockingbird,Mimus,polyglottos,Mimus polyglottos,1,"16 North Trumbull Circle, Saint Charles, Missouri, US (38.814, -90.51)",12/25/2023,2:03 PM
Northern Mockingbird,Mimus,polyglottos,Mimus polyglottos,1,Lake Maria Sanchez,1/17/2025,7:46 AM
Northern Mockingbird,Mimus,polyglottos,Mimus polyglottos,1,Little Creve Coeur Ecological Area,12/26/2023,9:37 AM
Northern Mockingbird,Mimus,polyglottos,Mimus polyglottos,4,Falcon State Park--Butterfly Garden (Starr Co.),4/26/2025,4:39 PM
Northern Mockingbird,Mimus,polyglottos,Mimus polyglottos,7,Santa Margarita Ranch (LTC 079) (restricted access - guided groups only),4/26/2025,6:34 AM
Northern Mockingbird,Mimus,polyglottos,Mimus polyglottos,3,Starr County Park (Falcon Heights)(LTC 082),4/26/2025,2:46 PM
Northern Mockingbird,Mimus,polyglottos,Mimus polyglottos,2,281      North Camino Lagos,12/30/2023,10:12 AM
Northern Mockingbird,Mimus,polyglottos,Mimus polyglottos,2,England Parkway Pond,12/22/2024,2:21 PM
Northern Mockingbird,Mimus,polyglottos,Mimus polyglottos,1,Village Creek Drying Beds (PPW-W 083)--ACCESS CLOSED July 2025,1/1/2024,10:11 AM
Northern Mockingbird,Mimus,polyglottos,Mimus polyglottos,1,Village Creek Drying Beds (PPW-W 083)--ACCESS CLOSED July 2025,12/30/2024,9:41 AM
Eastern Bluebird,Sialia,sialis,Sialia sialis,1,"2080 Duke University Road, Durham, North Carolina, US (35.999, -78.933)",3/2/2024,3:45 PM
Eastern Bluebird,Sialia,sialis,Sialia sialis,1,Campus Dr. (Duke University),10/3/2023,9:17 AM
Eastern Bluebird,Sialia,sialis,Sialia sialis,1,Duke University--Reclamation Pond,1/16/2024,9:07 AM
Eastern Bluebird,Sialia,sialis,Sialia sialis,2,Durham,11/5/2023,8:22 AM
Eastern Bluebird,Sialia,sialis,Sialia sialis,5,Flat River Waterfowl Impoundment,11/12/2024,8:33 AM
Eastern Bluebird,Sialia,sialis,Sialia sialis,5,Jordan Game Land--New Hope Creek (Durham Co. Seasonal Mudflats),7/21/2024,7:02 AM
Eastern Bluebird,Sialia,sialis,Sialia sialis,X,Park,8/22/2023,
Eastern Bluebird,Sialia,sialis,Sialia sialis,3,Sandy Creek Park,6/1/2024,8:08 AM
Eastern Bluebird,Sialia,sialis,Sialia sialis,1,Sarah P. Duke Gardens (please do not report the ducks),9/19/2023,9:05 AM
Eastern Bluebird,Sialia,sialis,Sialia sialis,1,Sarah P. Duke Gardens (please do not report the ducks),3/22/2024,8:15 AM
Eastern Bluebird,Sialia,sialis,Sialia sialis,2,Pinewood/Elmwood Cemetery,2/9/2025,1:53 PM
Eastern Bluebird,Sialia,sialis,Sialia sialis,10,Brumley Nature Preserve--North,10/21/2023,8:09 AM
Eastern Bluebird,Sialia,sialis,Sialia sialis,10,Brumley Nature Preserve--North,10/5/2024,8:26 AM
Eastern Bluebird,Sialia,sialis,Sialia sialis,3,Lake Maria Sanchez,1/17/2025,7:46 AM
Eastern Bluebird,Sialia,sialis,Sialia sialis,8,Little Creve Coeur Ecological Area,12/26/2023,9:37 AM
Eastern Bluebird,Sialia,sialis,Sialia sialis,1,Village Creek Drying Beds (PPW-W 083)--ACCESS CLOSED July 2025,12/30/2024,9:41 AM
Hermit Thrush,Catharus,guttatus,Catharus guttatus,1,Beaver Marsh Preserve,11/24/2023,7:50 AM
Hermit Thrush,Catharus,guttatus,Catharus guttatus,1,Duke University--Reclamation Pond,1/22/2024,2:40 PM
Hermit Thrush,Catharus,guttatus,Catharus guttatus,1,Duke University--Reclamation Pond,4/24/2024,8:06 AM
Hermit Thrush,Catharus,guttatus,Catharus guttatus,2,Flat River Waterfowl Impoundment,11/12/2024,8:33 AM
Hermit Thrush,Catharus,guttatus,Catharus guttatus,1,Sarah P. Duke Gardens (please do not report the ducks),11/7/2023,9:11 AM
Clay-colored Thrush,Turdus,grayi,Turdus grayi,6,Santa Margarita Ranch (LTC 079) (restricted access - guided groups only),4/26/2025,6:34 AM
American Robin,Turdus,migratorius,Turdus migratorius,5,"138 Science Drive, Durham, North Carolina, US (36.003, -78.944)",4/24/2024,7:52 AM
American Robin,Turdus,migratorius,Turdus migratorius,4,"138 Science Drive, Durham, North Carolina, US (36.003, -78.944)",5/11/2024,2:46 PM
American Robin,Turdus,migratorius,Turdus migratorius,5,"2080 Duke University Road, Durham, North Carolina, US (35.999, -78.933)",3/2/2024,3:45 PM
American Robin,Turdus,migratorius,Turdus migratorius,1,Campus Dr. (Duke University),10/3/2023,9:17 AM
American Robin,Turdus,migratorius,Turdus migratorius,2,Duke University--Chapel Woods,3/2/2024,2:59 PM
American Robin,Turdus,migratorius,Turdus migratorius,4,Duke University--Chapel Woods,3/22/2024,7:58 AM
American Robin,Turdus,migratorius,Turdus migratorius,5,Duke University--Chapel Woods,4/24/2024,7:19 AM
American Robin,Turdus,migratorius,Turdus migratorius,20,Duke University--East Campus,3/2/2024,4:42 PM
American Robin,Turdus,migratorius,Turdus migratorius,2,Duke University--Reclamation Pond,11/4/2023,10:03 AM
American Robin,Turdus,migratorius,Turdus migratorius,50,Duke University--Reclamation Pond,1/16/2024,9:07 AM
American Robin,Turdus,migratorius,Turdus migratorius,2,Duke University--Reclamation Pond,1/22/2024,2:40 PM
American Robin,Turdus,migratorius,Turdus migratorius,5,Duke University--Reclamation Pond,2/19/2024,10:41 AM
American Robin,Turdus,migratorius,Turdus migratorius,8,Duke University--Reclamation Pond,2/20/2024,9:12 AM
American Robin,Turdus,migratorius,Turdus migratorius,1,Duke University--Reclamation Pond,4/6/2024,9:19 AM
American Robin,Turdus,migratorius,Turdus migratorius,4,Duke University--Reclamation Pond,4/24/2024,8:06 AM
American Robin,Turdus,migratorius,Turdus migratorius,9,Duke University--Reclamation Pond,5/21/2024,8:04 AM
American Robin,Turdus,migratorius,Turdus migratorius,3,Durham,11/5/2023,7:02 AM
American Robin,Turdus,migratorius,Turdus migratorius,5,Durham,11/5/2023,8:22 AM
American Robin,Turdus,migratorius,Turdus migratorius,2,Flat River Waterfowl Impoundment,4/28/2024,7:28 AM
American Robin,Turdus,migratorius,Turdus migratorius,5,Flat River Waterfowl Impoundment,11/12/2024,8:33 AM
American Robin,Turdus,migratorius,Turdus migratorius,1,Morris Green Park,1/7/2024,1:27 PM
American Robin,Turdus,migratorius,Turdus migratorius,5,Sandy Creek Park,6/1/2024,8:08 AM
American Robin,Turdus,migratorius,Turdus migratorius,3,Sarah P. Duke Gardens (please do not report the ducks),9/19/2023,9:05 AM
American Robin,Turdus,migratorius,Turdus migratorius,20,Sarah P. Duke Gardens (please do not report the ducks),10/10/2023,9:00 AM
American Robin,Turdus,migratorius,Turdus migratorius,5,Sarah P. Duke Gardens (please do not report the ducks),10/21/2023,11:03 AM
American Robin,Turdus,migratorius,Turdus migratorius,25,Sarah P. Duke Gardens (please do not report the ducks),11/7/2023,9:11 AM
American Robin,Turdus,migratorius,Turdus migratorius,10,Sarah P. Duke Gardens (please do not report the ducks),3/22/2024,8:15 AM
American Robin,Turdus,migratorius,Turdus migratorius,3,Sarah P. Duke Gardens (please do not report the ducks),9/3/2024,9:12 AM
American Robin,Turdus,migratorius,Turdus migratorius,2,Sarah P. Duke Gardens (please do not report the ducks),9/14/2024,9:17 AM
American Robin,Turdus,migratorius,Turdus migratorius,10,Pinewood/Elmwood Cemetery,2/9/2025,1:53 PM
American Robin,Turdus,migratorius,Turdus migratorius,1,Brumley Nature Preserve--North,10/21/2023,8:09 AM
American Robin,Turdus,migratorius,Turdus migratorius,15,Brumley Nature Preserve--North,10/5/2024,8:26 AM
American Robin,Turdus,migratorius,Turdus migratorius,1,"16 North Trumbull Circle, Saint Charles, Missouri, US (38.814, -90.51)",12/25/2023,2:03 PM
American Robin,Turdus,migratorius,Turdus migratorius,14,Frontier Park,12/26/2023,3:47 PM
American Robin,Turdus,migratorius,Turdus migratorius,1,Lake Maria Sanchez,1/17/2025,7:46 AM
American Robin,Turdus,migratorius,Turdus migratorius,2,Creve Coeur Lake Memorial Park,12/26/2023,9:16 AM
American Robin,Turdus,migratorius,Turdus migratorius,5,Little Creve Coeur Ecological Area,12/26/2023,9:37 AM
African Thrush,Turdus,pelios,Turdus pelios,2,"Conakry, GN",7/3/2023,6:30 PM
African Thrush,Turdus,pelios,Turdus pelios,2,"Conakry, GN",7/4/2023,11:25 AM
Cedar Waxwing,Bombycilla,cedrorum,Bombycilla cedrorum,30,Duke University--Anderson Woods,3/28/2024,12:05 PM
Cedar Waxwing,Bombycilla,cedrorum,Bombycilla cedrorum,8,Brumley Nature Preserve--North,10/5/2024,8:26 AM
Cedar Waxwing,Bombycilla,cedrorum,Bombycilla cedrorum,4,Lake Maria Sanchez,1/17/2025,7:46 AM
Olive-bellied Sunbird,Cinnyris,chloropygius,Cinnyris chloropygius,X,Macenta,6/21/2023,
Olive-bellied Sunbird,Cinnyris,chloropygius,Cinnyris chloropygius,1,Macenta,6/29/2023,7:49 AM
Olive-bellied Sunbird,Cinnyris,chloropygius,Cinnyris chloropygius,1,Macenta,6/29/2023,10:27 AM
Beautiful Sunbird,Cinnyris,pulchellus,Cinnyris pulchellus,4,"Conakry, GN",7/2/2023,3:00 PM
Beautiful Sunbird,Cinnyris,pulchellus,Cinnyris pulchellus,1,"Conakry, GN",7/2/2023,7:02 PM
Beautiful Sunbird,Cinnyris,pulchellus,Cinnyris pulchellus,3,"Conakry, GN",7/3/2023,10:56 AM
Beautiful Sunbird,Cinnyris,pulchellus,Cinnyris pulchellus,5,"Conakry, GN",7/3/2023,6:30 PM
Beautiful Sunbird,Cinnyris,pulchellus,Cinnyris pulchellus,5,"Conakry, GN",7/4/2023,11:25 AM
Copper Sunbird,Cinnyris,cupreus,Cinnyris cupreus,X,Soulemania,7/1/2023,
Olive-naped Weaver,Ploceus,brachypterus,Ploceus brachypterus,3,"Conakry, GN",7/2/2023,3:00 PM
Olive-naped Weaver,Ploceus,brachypterus,Ploceus brachypterus,2,"Conakry, GN",7/3/2023,6:30 PM
Olive-naped Weaver,Ploceus,brachypterus,Ploceus brachypterus,1,"Conakry, GN",7/4/2023,11:25 AM
Olive-naped Weaver,Ploceus,brachypterus,Ploceus brachypterus,X,Macenta,6/28/2023,
Olive-naped Weaver,Ploceus,brachypterus,Ploceus brachypterus,2,Macenta,6/29/2023,7:49 AM
Olive-naped Weaver,Ploceus,brachypterus,Ploceus brachypterus,2,Macenta,6/29/2023,10:27 AM
Olive-naped Weaver,Ploceus,brachypterus,Ploceus brachypterus,X,N'Zerekore,6/27/2023,
Olive-naped Weaver,Ploceus,brachypterus,Ploceus brachypterus,12,Passima,6/26/2023,5:00 PM
Village Weaver,Ploceus,cucullatus,Ploceus cucullatus,4,"Conakry, GN",7/4/2023,11:25 AM
Village Weaver,Ploceus,cucullatus,Ploceus cucullatus,X,Passima,6/26/2023,
Bronze Mannikin,Spermestes,cucullata,Spermestes cucullata,6,"Conakry, GN",7/2/2023,3:00 PM
Bronze Mannikin,Spermestes,cucullata,Spermestes cucullata,1,"Conakry, GN",7/3/2023,6:30 PM
Bronze Mannikin,Spermestes,cucullata,Spermestes cucullata,4,"Conakry, GN",7/4/2023,11:25 AM
Red-billed Firefinch,Lagonosticta,senegala,Lagonosticta senegala,2,"Conakry, GN",7/2/2023,3:00 PM
Red-billed Firefinch,Lagonosticta,senegala,Lagonosticta senegala,4,"Conakry, GN",7/3/2023,10:56 AM
Red-billed Firefinch,Lagonosticta,senegala,Lagonosticta senegala,2,"Conakry, GN",7/4/2023,11:25 AM
Red-billed Firefinch,Lagonosticta,senegala,Lagonosticta senegala,2,Macenta,6/29/2023,10:27 AM
Red-billed Firefinch,Lagonosticta,senegala,Lagonosticta senegala,3,"Soulemania, Région de Faranah, GN",6/30/2023,5:56 PM
African Firefinch,Lagonosticta,rubricata,Lagonosticta rubricata,X,Macenta,6/25/2023,
House Sparrow,Passer,domesticus,Passer domesticus,1,Duke University--East Campus,3/2/2024,4:42 PM
House Sparrow,Passer,domesticus,Passer domesticus,2,Durham,11/5/2023,7:02 AM
House Sparrow,Passer,domesticus,Passer domesticus,6,Morris Green Park,1/7/2024,1:27 PM
House Sparrow,Passer,domesticus,Passer domesticus,4,Estero Llano Grande SP WBC (LTC 054),4/27/2025,7:14 AM
House Sparrow,Passer,domesticus,Passer domesticus,1,Frontera Audubon Center (LTC 058),4/27/2025,2:32 PM
House Sparrow,Passer,domesticus,Passer domesticus,1,"16 North Trumbull Circle, Saint Charles, Missouri, US (38.814, -90.51)",12/25/2023,2:03 PM
House Sparrow,Passer,domesticus,Passer domesticus,1,Frontier Park,12/26/2023,3:47 PM
Northern Gray-headed Sparrow,Passer,griseus,Passer griseus,7,"Conakry, GN",7/2/2023,7:02 PM
Northern Gray-headed Sparrow,Passer,griseus,Passer griseus,3,"Conakry, GN",7/3/2023,6:30 PM
Northern Gray-headed Sparrow,Passer,griseus,Passer griseus,2,"Conakry, GN",7/4/2023,11:25 AM
Northern Gray-headed Sparrow,Passer,griseus,Passer griseus,X,Macenta,6/26/2023,
Northern Gray-headed Sparrow,Passer,griseus,Passer griseus,3,Macenta,6/29/2023,7:49 AM
Northern Gray-headed Sparrow,Passer,griseus,Passer griseus,4,Macenta,6/30/2023,10:53 AM
Eurasian Tree Sparrow,Passer,montanus,Passer montanus,2,"16 North Trumbull Circle, Saint Charles, Missouri, US (38.814, -90.51)",12/25/2023,2:03 PM
Eurasian Tree Sparrow,Passer,montanus,Passer montanus,10,Riverlands Migratory Bird Sanctuary,12/27/2023,9:59 AM
House Finch,Haemorhous,mexicanus,Haemorhous mexicanus,3,White Rock Lake & Old Fish Hatchery (PPW-W 086),12/30/2023,11:39 AM
House Finch,Haemorhous,mexicanus,Haemorhous mexicanus,2,"138 Science Drive, Durham, North Carolina, US (36.003, -78.944)",4/24/2024,7:52 AM
House Finch,Haemorhous,mexicanus,Haemorhous mexicanus,2,Campus Dr. (Duke University),10/3/2023,9:17 AM
House Finch,Haemorhous,mexicanus,Haemorhous mexicanus,1,Duke,5/11/2024,2:27 PM
House Finch,Haemorhous,mexicanus,Haemorhous mexicanus,1,Duke University--East Campus,3/2/2024,4:42 PM
House Finch,Haemorhous,mexicanus,Haemorhous mexicanus,1,Duke University--Reclamation Pond,2/20/2024,9:12 AM
House Finch,Haemorhous,mexicanus,Haemorhous mexicanus,2,Duke University--Reclamation Pond,5/21/2024,8:04 AM
House Finch,Haemorhous,mexicanus,Haemorhous mexicanus,6,Durham,11/5/2023,7:02 AM
House Finch,Haemorhous,mexicanus,Haemorhous mexicanus,4,Durham,11/5/2023,8:22 AM
House Finch,Haemorhous,mexicanus,Haemorhous mexicanus,7,Sandy Creek Park,6/1/2024,8:08 AM
House Finch,Haemorhous,mexicanus,Haemorhous mexicanus,2,Sarah P. Duke Gardens (please do not report the ducks),9/19/2023,9:05 AM
House Finch,Haemorhous,mexicanus,Haemorhous mexicanus,2,Sarah P. Duke Gardens (please do not report the ducks),10/10/2023,9:00 AM
House Finch,Haemorhous,mexicanus,Haemorhous mexicanus,2,Sarah P. Duke Gardens (please do not report the ducks),10/21/2023,11:03 AM
House Finch,Haemorhous,mexicanus,Haemorhous mexicanus,3,Sarah P. Duke Gardens (please do not report the ducks),11/7/2023,9:11 AM
House Finch,Haemorhous,mexicanus,Haemorhous mexicanus,1,Leitner Drive/Holiday Inn Express Wetlands,2/9/2025,11:49 AM
House Finch,Haemorhous,mexicanus,Haemorhous mexicanus,2,Pinewood/Elmwood Cemetery,2/9/2025,1:53 PM
House Finch,Haemorhous,mexicanus,Haemorhous mexicanus,2,Brumley Nature Preserve--North,10/21/2023,8:09 AM
House Finch,Haemorhous,mexicanus,Haemorhous mexicanus,3,Frontier Park,12/26/2023,3:47 PM
House Finch,Haemorhous,mexicanus,Haemorhous mexicanus,1,Lake Maria Sanchez,1/17/2025,7:46 AM
House Finch,Haemorhous,mexicanus,Haemorhous mexicanus,4,England Parkway Pond,12/22/2024,2:21 PM
House Finch,Haemorhous,mexicanus,Haemorhous mexicanus,2,Village Creek Drying Beds (PPW-W 083)--ACCESS CLOSED July 2025,12/30/2024,9:41 AM
Lesser Goldfinch,Spinus,psaltria,Spinus psaltria,1,Estero Llano Grande SP--Tropical Zone only,4/27/2025,12:52 PM
American Goldfinch,Spinus,tristis,Spinus tristis,3,"138 Science Drive, Durham, North Carolina, US (36.003, -78.944)",4/24/2024,7:52 AM
American Goldfinch,Spinus,tristis,Spinus tristis,4,Duke University--Chapel Woods,3/22/2024,7:58 AM
American Goldfinch,Spinus,tristis,Spinus tristis,2,Duke University--Chapel Woods,4/24/2024,7:19 AM
American Goldfinch,Spinus,tristis,Spinus tristis,1,Duke University--Reclamation Pond,2/19/2024,10:41 AM
American Goldfinch,Spinus,tristis,Spinus tristis,3,Duke University--Reclamation Pond,4/24/2024,8:06 AM
American Goldfinch,Spinus,tristis,Spinus tristis,2,Duke University--Reclamation Pond,5/21/2024,8:04 AM
American Goldfinch,Spinus,tristis,Spinus tristis,4,Flat River Waterfowl Impoundment,4/28/2024,7:28 AM
American Goldfinch,Spinus,tristis,Spinus tristis,2,Flat River Waterfowl Impoundment,11/12/2024,8:33 AM
American Goldfinch,Spinus,tristis,Spinus tristis,2,Jordan Game Land--New Hope Creek (Durham Co. Seasonal Mudflats),7/21/2024,7:02 AM
American Goldfinch,Spinus,tristis,Spinus tristis,2,Sandy Creek Park,6/1/2024,8:08 AM
American Goldfinch,Spinus,tristis,Spinus tristis,2,Sarah P. Duke Gardens (please do not report the ducks),9/19/2023,9:05 AM
American Goldfinch,Spinus,tristis,Spinus tristis,2,Sarah P. Duke Gardens (please do not report the ducks),10/10/2023,9:00 AM
American Goldfinch,Spinus,tristis,Spinus tristis,1,Sarah P. Duke Gardens (please do not report the ducks),11/7/2023,9:11 AM
American Goldfinch,Spinus,tristis,Spinus tristis,1,Sarah P. Duke Gardens (please do not report the ducks),3/22/2024,8:15 AM
American Goldfinch,Spinus,tristis,Spinus tristis,2,Sarah P. Duke Gardens (please do not report the ducks),9/3/2024,9:12 AM
American Goldfinch,Spinus,tristis,Spinus tristis,2,Weymouth Woods Sandhills Nature Preserve,4/19/2025,6:48 AM
American Goldfinch,Spinus,tristis,Spinus tristis,1,Brumley Nature Preserve--North,10/5/2024,8:26 AM
American Goldfinch,Spinus,tristis,Spinus tristis,2,"16 North Trumbull Circle, Saint Charles, Missouri, US (38.814, -90.51)",12/25/2023,2:03 PM
American Goldfinch,Spinus,tristis,Spinus tristis,1,Village Creek Drying Beds (PPW-W 083)--ACCESS CLOSED July 2025,12/30/2024,9:41 AM
Bachman's Sparrow,Peucaea,aestivalis,Peucaea aestivalis,1,Weymouth Woods Sandhills Nature Preserve,4/19/2025,6:48 AM
Olive Sparrow,Arremonops,rufivirgatus,Arremonops rufivirgatus,1,Estero Llano Grande SP WBC (LTC 054),4/27/2025,7:14 AM
Olive Sparrow,Arremonops,rufivirgatus,Arremonops rufivirgatus,2,Falcon State Park--Butterfly Garden (Starr Co.),4/26/2025,4:39 PM
Olive Sparrow,Arremonops,rufivirgatus,Arremonops rufivirgatus,12,Santa Margarita Ranch (LTC 079) (restricted access - guided groups only),4/26/2025,6:34 AM
Chipping Sparrow,Spizella,passerina,Spizella passerina,2,Duke University--Reclamation Pond,9/26/2023,9:35 AM
Chipping Sparrow,Spizella,passerina,Spizella passerina,3,Duke University--Reclamation Pond,5/21/2024,8:04 AM
Chipping Sparrow,Spizella,passerina,Spizella passerina,3,Jordan Game Land--New Hope Creek (Durham Co. Seasonal Mudflats),7/21/2024,7:02 AM
Chipping Sparrow,Spizella,passerina,Spizella passerina,X,Science Dr (Duke University),3/27/2024,
Chipping Sparrow,Spizella,passerina,Spizella passerina,1,Weymouth Woods Sandhills Nature Preserve,4/19/2025,6:48 AM
Chipping Sparrow,Spizella,passerina,Spizella passerina,2,Santa Margarita Ranch (LTC 079) (restricted access - guided groups only),4/26/2025,6:34 AM
Clay-colored Sparrow,Spizella,pallida,Spizella pallida,3,Santa Margarita Ranch (LTC 079) (restricted access - guided groups only),4/26/2025,6:34 AM
Black-throated Sparrow,Amphispiza,bilineata,Amphispiza bilineata,8,Santa Margarita Ranch (LTC 079) (restricted access - guided groups only),4/26/2025,6:34 AM
Black-throated Sparrow,Amphispiza,bilineata,Amphispiza bilineata,2,Starr County Park (Falcon Heights)(LTC 082),4/26/2025,2:46 PM
Lark Sparrow,Chondestes,grammacus,Chondestes grammacus,12,Santa Margarita Ranch (LTC 079) (restricted access - guided groups only),4/26/2025,6:34 AM
Lark Sparrow,Chondestes,grammacus,Chondestes grammacus,10,Starr County Park (Falcon Heights)(LTC 082),4/26/2025,2:46 PM
American Tree Sparrow,Spizelloides,arborea,Spizelloides arborea,13,Riverlands Migratory Bird Sanctuary,12/27/2023,9:59 AM
American Tree Sparrow,Spizelloides,arborea,Spizelloides arborea,1,Little Creve Coeur Ecological Area,12/26/2023,9:37 AM
Fox Sparrow,Passerella,iliaca,Passerella iliaca,1,Duke University--Reclamation Pond,1/16/2024,9:07 AM
Fox Sparrow,Passerella,iliaca,Passerella iliaca,1,Little Creve Coeur Ecological Area,12/26/2023,9:37 AM
Dark-eyed Junco,Junco,hyemalis,Junco hyemalis,X,Duke,10/21/2023,
Dark-eyed Junco,Junco,hyemalis,Junco hyemalis,1,Duke University--Chapel Woods,3/2/2024,2:59 PM
Dark-eyed Junco,Junco,hyemalis,Junco hyemalis,1,Duke University--East Campus,3/2/2024,4:42 PM
Dark-eyed Junco,Junco,hyemalis,Junco hyemalis,1,Flat River Waterfowl Impoundment,11/12/2024,8:33 AM
Dark-eyed Junco,Junco,hyemalis,Junco hyemalis,2,Sarah P. Duke Gardens (please do not report the ducks),3/22/2024,8:15 AM
Dark-eyed Junco,Junco,hyemalis,Junco hyemalis,4,Pinewood/Elmwood Cemetery,2/9/2025,1:53 PM
Dark-eyed Junco,Junco,hyemalis,Junco hyemalis,3,"16 North Trumbull Circle, Saint Charles, Missouri, US (38.814, -90.51)",12/25/2023,2:03 PM
White-crowned Sparrow,Zonotrichia,leucophrys,Zonotrichia leucophrys,5,Confluence Point SP,12/27/2024,12:16 PM
White-crowned Sparrow,Zonotrichia,leucophrys,Zonotrichia leucophrys,3,Riverlands Migratory Bird Sanctuary,12/27/2023,9:59 AM
White-crowned Sparrow,Zonotrichia,leucophrys,Zonotrichia leucophrys,8,Riverlands Migratory Bird Sanctuary,12/27/2024,1:30 PM
White-crowned Sparrow,Zonotrichia,leucophrys,Zonotrichia leucophrys,2,Little Creve Coeur Ecological Area,12/26/2023,9:37 AM
Harris's Sparrow,Zonotrichia,querula,Zonotrichia querula,3,Village Creek Drying Beds (PPW-W 083)--ACCESS CLOSED July 2025,1/1/2024,10:11 AM
White-throated Sparrow,Zonotrichia,albicollis,Zonotrichia albicollis,2,"138 Science Drive, Durham, North Carolina, US (36.003, -78.944)",4/24/2024,7:52 AM
White-throated Sparrow,Zonotrichia,albicollis,Zonotrichia albicollis,10,"2080 Duke University Road, Durham, North Carolina, US (35.999, -78.933)",3/2/2024,3:45 PM
White-throated Sparrow,Zonotrichia,albicollis,Zonotrichia albicollis,10,Beaver Marsh Preserve,11/24/2023,7:50 AM
White-throated Sparrow,Zonotrichia,albicollis,Zonotrichia albicollis,2,Duke University--Chapel Woods,3/2/2024,2:59 PM
White-throated Sparrow,Zonotrichia,albicollis,Zonotrichia albicollis,3,Duke University--Chapel Woods,3/22/2024,7:58 AM
White-throated Sparrow,Zonotrichia,albicollis,Zonotrichia albicollis,3,Duke University--Chapel Woods,4/24/2024,7:19 AM
White-throated Sparrow,Zonotrichia,albicollis,Zonotrichia albicollis,3,Duke University--Reclamation Pond,11/4/2023,10:03 AM
White-throated Sparrow,Zonotrichia,albicollis,Zonotrichia albicollis,1,Duke University--Reclamation Pond,1/16/2024,9:07 AM
White-throated Sparrow,Zonotrichia,albicollis,Zonotrichia albicollis,10,Duke University--Reclamation Pond,1/22/2024,2:40 PM
White-throated Sparrow,Zonotrichia,albicollis,Zonotrichia albicollis,1,Duke University--Reclamation Pond,2/19/2024,10:41 AM
White-throated Sparrow,Zonotrichia,albicollis,Zonotrichia albicollis,3,Durham,11/5/2023,8:22 AM
White-throated Sparrow,Zonotrichia,albicollis,Zonotrichia albicollis,2,Flat River Waterfowl Impoundment,4/28/2024,7:28 AM
White-throated Sparrow,Zonotrichia,albicollis,Zonotrichia albicollis,5,Flat River Waterfowl Impoundment,11/12/2024,8:33 AM
White-throated Sparrow,Zonotrichia,albicollis,Zonotrichia albicollis,5,Sarah P. Duke Gardens (please do not report the ducks),10/21/2023,11:03 AM
White-throated Sparrow,Zonotrichia,albicollis,Zonotrichia albicollis,6,Sarah P. Duke Gardens (please do not report the ducks),11/7/2023,9:11 AM
White-throated Sparrow,Zonotrichia,albicollis,Zonotrichia albicollis,23,Sarah P. Duke Gardens (please do not report the ducks),3/22/2024,8:15 AM
White-throated Sparrow,Zonotrichia,albicollis,Zonotrichia albicollis,3,Pinewood/Elmwood Cemetery,2/9/2025,1:53 PM
White-throated Sparrow,Zonotrichia,albicollis,Zonotrichia albicollis,10,Brumley Nature Preserve--North,10/21/2023,8:09 AM
White-throated Sparrow,Zonotrichia,albicollis,Zonotrichia albicollis,3,"16 North Trumbull Circle, Saint Charles, Missouri, US (38.814, -90.51)",12/25/2023,2:03 PM
White-throated Sparrow,Zonotrichia,albicollis,Zonotrichia albicollis,5,Confluence Point SP,12/27/2024,12:16 PM
White-throated Sparrow,Zonotrichia,albicollis,Zonotrichia albicollis,20,Little Creve Coeur Ecological Area,12/26/2023,9:37 AM
White-throated Sparrow,Zonotrichia,albicollis,Zonotrichia albicollis,5,Village Creek Drying Beds (PPW-W 083)--ACCESS CLOSED July 2025,12/30/2024,9:41 AM
Song Sparrow,Melospiza,melodia,Melospiza melodia,1,"138 Science Drive, Durham, North Carolina, US (36.003, -78.944)",4/24/2024,7:52 AM
Song Sparrow,Melospiza,melodia,Melospiza melodia,5,"138 Science Drive, Durham, North Carolina, US (36.003, -78.944)",5/11/2024,2:46 PM
Song Sparrow,Melospiza,melodia,Melospiza melodia,5,"2080 Duke University Road, Durham, North Carolina, US (35.999, -78.933)",3/2/2024,3:45 PM
Song Sparrow,Melospiza,melodia,Melospiza melodia,4,Beaver Marsh Preserve,11/24/2023,7:50 AM
Song Sparrow,Melospiza,melodia,Melospiza melodia,2,Duke University--Chapel Woods,4/24/2024,7:19 AM
Song Sparrow,Melospiza,melodia,Melospiza melodia,5,Duke University--Reclamation Pond,9/26/2023,9:35 AM
Song Sparrow,Melospiza,melodia,Melospiza melodia,10,Duke University--Reclamation Pond,11/4/2023,10:03 AM
Song Sparrow,Melospiza,melodia,Melospiza melodia,5,Duke University--Reclamation Pond,1/16/2024,9:07 AM
Song Sparrow,Melospiza,melodia,Melospiza melodia,11,Duke University--Reclamation Pond,2/19/2024,10:41 AM
Song Sparrow,Melospiza,melodia,Melospiza melodia,7,Duke University--Reclamation Pond,2/20/2024,9:12 AM
Song Sparrow,Melospiza,melodia,Melospiza melodia,7,Duke University--Reclamation Pond,4/24/2024,8:06 AM
Song Sparrow,Melospiza,melodia,Melospiza melodia,8,Duke University--Reclamation Pond,5/21/2024,8:04 AM
Song Sparrow,Melospiza,melodia,Melospiza melodia,3,Durham,11/5/2023,7:02 AM
Song Sparrow,Melospiza,melodia,Melospiza melodia,2,Flat River Waterfowl Impoundment,11/12/2024,8:33 AM
Song Sparrow,Melospiza,melodia,Melospiza melodia,1,Jordan Game Land--New Hope Creek (Durham Co. Seasonal Mudflats),7/21/2024,7:02 AM
Song Sparrow,Melospiza,melodia,Melospiza melodia,2,Sandy Creek Park,6/1/2024,8:08 AM
Song Sparrow,Melospiza,melodia,Melospiza melodia,2,Sarah P. Duke Gardens (please do not report the ducks),9/19/2023,9:05 AM
Song Sparrow,Melospiza,melodia,Melospiza melodia,1,Sarah P. Duke Gardens (please do not report the ducks),11/7/2023,9:11 AM
Song Sparrow,Melospiza,melodia,Melospiza melodia,6,Sarah P. Duke Gardens (please do not report the ducks),3/22/2024,8:15 AM
Song Sparrow,Melospiza,melodia,Melospiza melodia,2,Sarah P. Duke Gardens (please do not report the ducks),9/3/2024,9:12 AM
Song Sparrow,Melospiza,melodia,Melospiza melodia,1,Leitner Drive/Holiday Inn Express Wetlands,2/9/2025,11:49 AM
Song Sparrow,Melospiza,melodia,Melospiza melodia,1,Brumley Nature Preserve--North,10/5/2024,8:26 AM
Song Sparrow,Melospiza,melodia,Melospiza melodia,3,Confluence Point SP,12/27/2024,12:16 PM
Song Sparrow,Melospiza,melodia,Melospiza melodia,2,Riverlands Migratory Bird Sanctuary,12/27/2024,1:30 PM
Song Sparrow,Melospiza,melodia,Melospiza melodia,3,Village Creek Drying Beds (PPW-W 083)--ACCESS CLOSED July 2025,1/1/2024,10:11 AM
Song Sparrow,Melospiza,melodia,Melospiza melodia,2,Village Creek Drying Beds (PPW-W 083)--ACCESS CLOSED July 2025,12/30/2024,9:41 AM
Lincoln's Sparrow,Melospiza,lincolnii,Melospiza lincolnii,1,Santa Margarita Ranch (LTC 079) (restricted access - guided groups only),4/26/2025,6:34 AM
Swamp Sparrow,Melospiza,georgiana,Melospiza georgiana,4,Flat River Waterfowl Impoundment,11/12/2024,8:33 AM
Swamp Sparrow,Melospiza,georgiana,Melospiza georgiana,5,Village Creek Drying Beds (PPW-W 083)--ACCESS CLOSED July 2025,1/1/2024,10:11 AM
Spotted Towhee,Pipilo,maculatus,Pipilo maculatus,1,Village Creek Drying Beds (PPW-W 083)--ACCESS CLOSED July 2025,1/1/2024,10:11 AM
Eastern Towhee,Pipilo,erythrophthalmus,Pipilo erythrophthalmus,1,"138 Science Drive, Durham, North Carolina, US (36.003, -78.944)",5/11/2024,2:46 PM
Eastern Towhee,Pipilo,erythrophthalmus,Pipilo erythrophthalmus,2,"2080 Duke University Road, Durham, North Carolina, US (35.999, -78.933)",3/2/2024,3:45 PM
Eastern Towhee,Pipilo,erythrophthalmus,Pipilo erythrophthalmus,2,Beaver Marsh Preserve,11/24/2023,7:50 AM
Eastern Towhee,Pipilo,erythrophthalmus,Pipilo erythrophthalmus,1,Duke University--Chapel Woods,3/2/2024,2:59 PM
Eastern Towhee,Pipilo,erythrophthalmus,Pipilo erythrophthalmus,2,Duke University--Chapel Woods,3/22/2024,7:58 AM
Eastern Towhee,Pipilo,erythrophthalmus,Pipilo erythrophthalmus,1,Duke University--Reclamation Pond,9/26/2023,9:35 AM
Eastern Towhee,Pipilo,erythrophthalmus,Pipilo erythrophthalmus,2,Duke University--Reclamation Pond,11/4/2023,10:03 AM
Eastern Towhee,Pipilo,erythrophthalmus,Pipilo erythrophthalmus,1,Duke University--Reclamation Pond,1/16/2024,9:07 AM
Eastern Towhee,Pipilo,erythrophthalmus,Pipilo erythrophthalmus,5,Duke University--Reclamation Pond,2/19/2024,10:41 AM
Eastern Towhee,Pipilo,erythrophthalmus,Pipilo erythrophthalmus,3,Duke University--Reclamation Pond,2/20/2024,9:12 AM
Eastern Towhee,Pipilo,erythrophthalmus,Pipilo erythrophthalmus,2,Duke University--Reclamation Pond,4/6/2024,9:19 AM
Eastern Towhee,Pipilo,erythrophthalmus,Pipilo erythrophthalmus,3,Duke University--Reclamation Pond,4/24/2024,8:06 AM
Eastern Towhee,Pipilo,erythrophthalmus,Pipilo erythrophthalmus,3,Duke University--Reclamation Pond,5/21/2024,8:04 AM
Eastern Towhee,Pipilo,erythrophthalmus,Pipilo erythrophthalmus,2,Durham,11/5/2023,8:22 AM
Eastern Towhee,Pipilo,erythrophthalmus,Pipilo erythrophthalmus,1,Flat River Waterfowl Impoundment,11/12/2024,8:33 AM
Eastern Towhee,Pipilo,erythrophthalmus,Pipilo erythrophthalmus,1,Jordan Game Land--New Hope Creek (Durham Co. Seasonal Mudflats),7/21/2024,7:02 AM
Eastern Towhee,Pipilo,erythrophthalmus,Pipilo erythrophthalmus,2,Sarah P. Duke Gardens (please do not report the ducks),9/19/2023,9:05 AM
Eastern Towhee,Pipilo,erythrophthalmus,Pipilo erythrophthalmus,2,Sarah P. Duke Gardens (please do not report the ducks),10/10/2023,9:00 AM
Eastern Towhee,Pipilo,erythrophthalmus,Pipilo erythrophthalmus,2,Sarah P. Duke Gardens (please do not report the ducks),10/21/2023,11:03 AM
Eastern Towhee,Pipilo,erythrophthalmus,Pipilo erythrophthalmus,2,Sarah P. Duke Gardens (please do not report the ducks),11/7/2023,9:11 AM
Eastern Towhee,Pipilo,erythrophthalmus,Pipilo erythrophthalmus,1,Weymouth Woods Sandhills Nature Preserve,4/19/2025,6:48 AM
Eastern Towhee,Pipilo,erythrophthalmus,Pipilo erythrophthalmus,4,Brumley Nature Preserve--North,10/21/2023,8:09 AM
new world sparrow sp.,Passerellidae,sp.,Passerellidae sp.,2,Fort Macon SP--Beach,4/13/2025,11:22 AM
Yellow-breasted Chat,Icteria,virens,Icteria virens,3,Flat River Waterfowl Impoundment,4/28/2024,7:28 AM
Yellow-breasted Chat,Icteria,virens,Icteria virens,2,Jordan Game Land--New Hope Creek (Durham Co. Seasonal Mudflats),7/21/2024,7:02 AM
Yellow-breasted Chat,Icteria,virens,Icteria virens,3,Santa Margarita Ranch (LTC 079) (restricted access - guided groups only),4/26/2025,6:34 AM
Eastern Meadowlark,Sturnella,magna,Sturnella magna,3,Cameron Co.--TX100--Aplomado Viewing Area,4/28/2025,8:58 AM
Eastern Meadowlark,Sturnella,magna,Sturnella magna,7,Cameron Co.--TX100--Aplomado Viewing Area,4/28/2025,5:51 PM
Eastern Meadowlark,Sturnella,magna,Sturnella magna,1,Falcon State Park--Butterfly Garden (Starr Co.),4/26/2025,4:39 PM
Eastern Meadowlark,Sturnella,magna,Sturnella magna,1,Village Creek Drying Beds (PPW-W 083)--ACCESS CLOSED July 2025,1/1/2024,10:11 AM
Orchard Oriole,Icterus,spurius,Icterus spurius,2,South Padre Is.--WBC/Conv. Center/Laguna Madre Trail (LTC 035),4/28/2025,1:55 PM
Orchard Oriole,Icterus,spurius,Icterus spurius,1,Duke University--Reclamation Pond,4/24/2024,8:06 AM
Orchard Oriole,Icterus,spurius,Icterus spurius,1,Duke University--Reclamation Pond,5/21/2024,8:04 AM
Orchard Oriole,Icterus,spurius,Icterus spurius,1,Flat River Waterfowl Impoundment,4/28/2024,7:28 AM
Orchard Oriole,Icterus,spurius,Icterus spurius,3,Jordan Game Land--New Hope Creek (Durham Co. Seasonal Mudflats),7/21/2024,7:02 AM
Orchard Oriole,Icterus,spurius,Icterus spurius,7,Santa Margarita Ranch (LTC 079) (restricted access - guided groups only),4/26/2025,6:34 AM
Hooded Oriole,Icterus,cucullatus,Icterus cucullatus,1,Estero Llano Grande SP--Tropical Zone only,4/27/2025,12:52 PM
Bullock's Oriole,Icterus,bullockii,Icterus bullockii,5,Falcon State Park--Butterfly Garden (Starr Co.),4/26/2025,4:39 PM
Bullock's Oriole,Icterus,bullockii,Icterus bullockii,4,Santa Margarita Ranch (LTC 079) (restricted access - guided groups only),4/26/2025,6:34 AM
Bullock's Oriole,Icterus,bullockii,Icterus bullockii,7,Starr County Park (Falcon Heights)(LTC 082),4/26/2025,2:46 PM
Altamira Oriole,Icterus,gularis,Icterus gularis,5,Santa Margarita Ranch (LTC 079) (restricted access - guided groups only),4/26/2025,6:34 AM
Audubon's Oriole,Icterus,graduacauda,Icterus graduacauda,3,Santa Margarita Ranch (LTC 079) (restricted access - guided groups only),4/26/2025,6:34 AM
Baltimore Oriole,Icterus,galbula,Icterus galbula,3,South Padre Is.--WBC/Conv. Center/Laguna Madre Trail (LTC 035),4/28/2025,1:55 PM
Baltimore Oriole,Icterus,galbula,Icterus galbula,3,Estero Llano Grande SP--Tropical Zone only,4/27/2025,12:52 PM
Baltimore Oriole,Icterus,galbula,Icterus galbula,1,Santa Margarita Ranch (LTC 079) (restricted access - guided groups only),4/26/2025,6:34 AM
Red-winged Blackbird,Agelaius,phoeniceus,Agelaius phoeniceus,6,South Padre Is.--Birding and Nature Center,4/28/2025,9:51 AM
Red-winged Blackbird,Agelaius,phoeniceus,Agelaius phoeniceus,3,South Padre Is.--WBC/Conv. Center/Laguna Madre Trail (LTC 035),4/28/2025,1:55 PM
Red-winged Blackbird,Agelaius,phoeniceus,Agelaius phoeniceus,2,"2080 Duke University Road, Durham, North Carolina, US (35.999, -78.933)",3/2/2024,3:45 PM
Red-winged Blackbird,Agelaius,phoeniceus,Agelaius phoeniceus,25,Duke University--Reclamation Pond,1/16/2024,9:07 AM
Red-winged Blackbird,Agelaius,phoeniceus,Agelaius phoeniceus,2,Duke University--Reclamation Pond,2/19/2024,10:41 AM
Red-winged Blackbird,Agelaius,phoeniceus,Agelaius phoeniceus,1,Duke University--Reclamation Pond,2/20/2024,9:12 AM
Red-winged Blackbird,Agelaius,phoeniceus,Agelaius phoeniceus,2,Flat River Waterfowl Impoundment,11/12/2024,8:33 AM
Red-winged Blackbird,Agelaius,phoeniceus,Agelaius phoeniceus,25,Jordan Game Land--New Hope Creek (Durham Co. Seasonal Mudflats),7/21/2024,7:02 AM
Red-winged Blackbird,Agelaius,phoeniceus,Agelaius phoeniceus,20,Estero Llano Grande SP WBC (LTC 054),4/27/2025,7:14 AM
Red-winged Blackbird,Agelaius,phoeniceus,Agelaius phoeniceus,15,Riverlands Migratory Bird Sanctuary,12/27/2024,1:30 PM
Red-winged Blackbird,Agelaius,phoeniceus,Agelaius phoeniceus,15,Santa Margarita Ranch (LTC 079) (restricted access - guided groups only),4/26/2025,6:34 AM
Red-winged Blackbird,Agelaius,phoeniceus,Agelaius phoeniceus,14,Village Creek Drying Beds (PPW-W 083)--ACCESS CLOSED July 2025,1/1/2024,10:11 AM
Red-winged Blackbird,Agelaius,phoeniceus,Agelaius phoeniceus,X,Village Creek Drying Beds (PPW-W 083)--ACCESS CLOSED July 2025,12/30/2024,9:41 AM
Bronzed Cowbird,Molothrus,aeneus,Molothrus aeneus,3,Estero Llano Grande SP WBC (LTC 054),4/27/2025,7:14 AM
Bronzed Cowbird,Molothrus,aeneus,Molothrus aeneus,12,Santa Margarita Ranch (LTC 079) (restricted access - guided groups only),4/26/2025,6:34 AM
Brown-headed Cowbird,Molothrus,ater,Molothrus ater,3,Duke University--Reclamation Pond,4/24/2024,8:06 AM
Brown-headed Cowbird,Molothrus,ater,Molothrus ater,5,Duke University--Reclamation Pond,5/21/2024,8:04 AM
Brown-headed Cowbird,Molothrus,ater,Molothrus ater,2,Flat River Waterfowl Impoundment,4/28/2024,7:28 AM
Brown-headed Cowbird,Molothrus,ater,Molothrus ater,50,Little Creve Coeur Ecological Area,12/26/2023,9:37 AM
Brown-headed Cowbird,Molothrus,ater,Molothrus ater,5,Santa Margarita Ranch (LTC 079) (restricted access - guided groups only),4/26/2025,6:34 AM
Common Grackle,Quiscalus,quiscula,Quiscalus quiscula,X,Durham,2/12/2024,
Common Grackle,Quiscalus,quiscula,Quiscalus quiscula,2,Jordan Game Land--New Hope Creek (Durham Co. Seasonal Mudflats),7/21/2024,7:02 AM
Common Grackle,Quiscalus,quiscula,Quiscalus quiscula,2,Sandy Creek Park,6/1/2024,8:08 AM
Common Grackle,Quiscalus,quiscula,Quiscalus quiscula,6,"101 Carolina Beach Avenue North, Carolina Beach, North Carolina, US (34.032, -77.892)",9/21/2024,3:20 PM
Boat-tailed Grackle,Quiscalus,major,Quiscalus major,15,Fort Macon SP--Beach,4/13/2025,11:22 AM
Great-tailed Grackle,Quiscalus,mexicanus,Quiscalus mexicanus,14,Cameron Co.--TX100--Aplomado Viewing Area,4/28/2025,8:58 AM
Great-tailed Grackle,Quiscalus,mexicanus,Quiscalus mexicanus,8,Cameron Co.--TX100--Aplomado Viewing Area,4/28/2025,5:51 PM
Great-tailed Grackle,Quiscalus,mexicanus,Quiscalus mexicanus,25,South Padre Is.--Birding and Nature Center,4/28/2025,9:51 AM
Great-tailed Grackle,Quiscalus,mexicanus,Quiscalus mexicanus,11,South Padre Is.--County Park mudflats N. of Conv Ctr.,4/28/2025,11:56 AM
Great-tailed Grackle,Quiscalus,mexicanus,Quiscalus mexicanus,20,South Padre Is.--WBC/Conv. Center/Laguna Madre Trail (LTC 035),4/28/2025,1:55 PM
Great-tailed Grackle,Quiscalus,mexicanus,Quiscalus mexicanus,20,Estero Llano Grande SP WBC (LTC 054),4/27/2025,7:14 AM
Great-tailed Grackle,Quiscalus,mexicanus,Quiscalus mexicanus,5,Frontera Audubon Center (LTC 058),4/27/2025,2:32 PM
Great-tailed Grackle,Quiscalus,mexicanus,Quiscalus mexicanus,10,Falcon State Park--Butterfly Garden (Starr Co.),4/26/2025,4:39 PM
Great-tailed Grackle,Quiscalus,mexicanus,Quiscalus mexicanus,40,Santa Margarita Ranch (LTC 079) (restricted access - guided groups only),4/26/2025,6:34 AM
Great-tailed Grackle,Quiscalus,mexicanus,Quiscalus mexicanus,1,Starr County Park (Falcon Heights)(LTC 082),4/26/2025,2:46 PM
Ovenbird,Seiurus,aurocapilla,Seiurus aurocapilla,1,Flat River Waterfowl Impoundment,4/28/2024,7:28 AM
Ovenbird,Seiurus,aurocapilla,Seiurus aurocapilla,1,Estero Llano Grande SP WBC (LTC 054),4/27/2025,7:14 AM
Black-and-white Warbler,Mniotilta,varia,Mniotilta varia,1,Duke University--Reclamation Pond,4/24/2024,8:06 AM
Black-and-white Warbler,Mniotilta,varia,Mniotilta varia,1,Flat River Waterfowl Impoundment,4/28/2024,7:28 AM
Black-and-white Warbler,Mniotilta,varia,Mniotilta varia,1,Estero Llano Grande SP WBC (LTC 054),4/27/2025,7:14 AM
Black-and-white Warbler,Mniotilta,varia,Mniotilta varia,1,Frontera Audubon Center (LTC 058),4/27/2025,2:32 PM
Black-and-white Warbler,Mniotilta,varia,Mniotilta varia,1,Weymouth Woods Sandhills Nature Preserve,4/19/2025,6:48 AM
Black-and-white Warbler,Mniotilta,varia,Mniotilta varia,3,Santa Margarita Ranch (LTC 079) (restricted access - guided groups only),4/26/2025,6:34 AM
Tennessee Warbler,Leiothlypis,peregrina,Leiothlypis peregrina,2,South Padre Is.--WBC/Conv. Center/Laguna Madre Trail (LTC 035),4/28/2025,1:55 PM
Tennessee Warbler,Leiothlypis,peregrina,Leiothlypis peregrina,3,Frontera Audubon Center (LTC 058),4/27/2025,2:32 PM
Tennessee Warbler,Leiothlypis,peregrina,Leiothlypis peregrina,1,Santa Margarita Ranch (LTC 079) (restricted access - guided groups only),4/26/2025,6:34 AM
Orange-crowned Warbler,Leiothlypis,celata,Leiothlypis celata,1,England Parkway Pond,12/22/2024,2:21 PM
Nashville Warbler,Leiothlypis,ruficapilla,Leiothlypis ruficapilla,1,Estero Llano Grande SP--Tropical Zone only,4/27/2025,12:52 PM
Nashville Warbler,Leiothlypis,ruficapilla,Leiothlypis ruficapilla,1,Santa Margarita Ranch (LTC 079) (restricted access - guided groups only),4/26/2025,6:34 AM
Common Yellowthroat,Geothlypis,trichas,Geothlypis trichas,1,Duke University--Chapel Woods,4/24/2024,7:19 AM
Common Yellowthroat,Geothlypis,trichas,Geothlypis trichas,1,Duke University--Reclamation Pond,9/26/2023,9:35 AM
Common Yellowthroat,Geothlypis,trichas,Geothlypis trichas,4,Flat River Waterfowl Impoundment,4/28/2024,7:28 AM
Common Yellowthroat,Geothlypis,trichas,Geothlypis trichas,2,Jordan Game Land--New Hope Creek (Durham Co. Seasonal Mudflats),7/21/2024,7:02 AM
Common Yellowthroat,Geothlypis,trichas,Geothlypis trichas,2,Sandy Creek Park,6/1/2024,8:08 AM
Common Yellowthroat,Geothlypis,trichas,Geothlypis trichas,2,Sarah P. Duke Gardens (please do not report the ducks),9/19/2023,9:05 AM
Common Yellowthroat,Geothlypis,trichas,Geothlypis trichas,3,Sarah P. Duke Gardens (please do not report the ducks),9/14/2024,9:17 AM
Common Yellowthroat,Geothlypis,trichas,Geothlypis trichas,2,Brumley Nature Preserve--North,10/5/2024,8:26 AM
Common Yellowthroat,Geothlypis,trichas,Geothlypis trichas,5,Santa Margarita Ranch (LTC 079) (restricted access - guided groups only),4/26/2025,6:34 AM
American Redstart,Setophaga,ruticilla,Setophaga ruticilla,1,Sarah P. Duke Gardens (please do not report the ducks),9/19/2023,9:05 AM
American Redstart,Setophaga,ruticilla,Setophaga ruticilla,3,Brumley Nature Preserve--North,10/5/2024,8:26 AM
Cape May Warbler,Setophaga,tigrina,Setophaga tigrina,1,South Padre Is.--WBC/Conv. Center/Laguna Madre Trail (LTC 035),4/28/2025,1:55 PM
Northern Parula,Setophaga,americana,Setophaga americana,4,Flat River Waterfowl Impoundment,4/28/2024,7:28 AM
Northern/Tropical Parula,Setophaga,americana/pitiayumi,Setophaga americana/pitiayumi,1,Santa Margarita Ranch (LTC 079) (restricted access - guided groups only),4/26/2025,6:34 AM
Magnolia Warbler,Setophaga,magnolia,Setophaga magnolia,1,Sarah P. Duke Gardens (please do not report the ducks),9/19/2023,9:05 AM
Magnolia Warbler,Setophaga,magnolia,Setophaga magnolia,1,Frontera Audubon Center (LTC 058),4/27/2025,2:32 PM
Magnolia Warbler,Setophaga,magnolia,Setophaga magnolia,1,Brumley Nature Preserve--North,10/5/2024,8:26 AM
Yellow Warbler,Setophaga,petechia,Setophaga petechia,8,Santa Margarita Ranch (LTC 079) (restricted access - guided groups only),4/26/2025,6:34 AM
Chestnut-sided Warbler,Setophaga,pensylvanica,Setophaga pensylvanica,1,Frontera Audubon Center (LTC 058),4/27/2025,2:32 PM
Palm Warbler,Setophaga,palmarum,Setophaga palmarum,1,Duke University--Reclamation Pond,10/24/2023,10:09 AM
Palm Warbler,Setophaga,palmarum,Setophaga palmarum,2,Brumley Nature Preserve--North,10/5/2024,8:26 AM
Palm Warbler,Setophaga,palmarum,Setophaga palmarum,3,Lake Maria Sanchez,1/17/2025,7:46 AM
Pine Warbler,Setophaga,pinus,Setophaga pinus,1,"138 Science Drive, Durham, North Carolina, US (36.003, -78.944)",4/24/2024,7:52 AM
Pine Warbler,Setophaga,pinus,Setophaga pinus,2,"138 Science Drive, Durham, North Carolina, US (36.003, -78.944)",5/11/2024,2:46 PM
Pine Warbler,Setophaga,pinus,Setophaga pinus,2,Duke University--Chapel Woods,3/2/2024,2:59 PM
Pine Warbler,Setophaga,pinus,Setophaga pinus,2,Duke University--Chapel Woods,4/24/2024,7:19 AM
Pine Warbler,Setophaga,pinus,Setophaga pinus,1,Duke University--Reclamation Pond,1/16/2024,9:07 AM
Pine Warbler,Setophaga,pinus,Setophaga pinus,2,Duke University--Reclamation Pond,2/19/2024,10:41 AM
Pine Warbler,Setophaga,pinus,Setophaga pinus,2,Duke University--Reclamation Pond,4/6/2024,9:19 AM
Pine Warbler,Setophaga,pinus,Setophaga pinus,2,Duke University--Reclamation Pond,4/24/2024,8:06 AM
Pine Warbler,Setophaga,pinus,Setophaga pinus,2,Duke University--Reclamation Pond,5/21/2024,8:04 AM
Pine Warbler,Setophaga,pinus,Setophaga pinus,X,French,10/24/2023,
Pine Warbler,Setophaga,pinus,Setophaga pinus,2,Sandy Creek Park,6/1/2024,8:08 AM
Pine Warbler,Setophaga,pinus,Setophaga pinus,2,Sarah P. Duke Gardens (please do not report the ducks),9/19/2023,9:05 AM
Pine Warbler,Setophaga,pinus,Setophaga pinus,2,Sarah P. Duke Gardens (please do not report the ducks),10/10/2023,9:00 AM
Pine Warbler,Setophaga,pinus,Setophaga pinus,1,Sarah P. Duke Gardens (please do not report the ducks),11/7/2023,9:11 AM
Pine Warbler,Setophaga,pinus,Setophaga pinus,1,Sarah P. Duke Gardens (please do not report the ducks),3/22/2024,8:15 AM
Pine Warbler,Setophaga,pinus,Setophaga pinus,4,Sarah P. Duke Gardens (please do not report the ducks),9/3/2024,9:12 AM
Pine Warbler,Setophaga,pinus,Setophaga pinus,3,Sarah P. Duke Gardens (please do not report the ducks),9/14/2024,9:17 AM
Pine Warbler,Setophaga,pinus,Setophaga pinus,3,Weymouth Woods Sandhills Nature Preserve,4/19/2025,6:48 AM
Pine Warbler,Setophaga,pinus,Setophaga pinus,1,Brumley Nature Preserve--North,10/21/2023,8:09 AM
Pine Warbler,Setophaga,pinus,Setophaga pinus,3,Brumley Nature Preserve--North,10/5/2024,8:26 AM
Yellow-rumped Warbler,Setophaga,coronata,Setophaga coronata,5,White Rock Lake & Old Fish Hatchery (PPW-W 086),12/30/2023,11:39 AM
Yellow-rumped Warbler,Setophaga,coronata,Setophaga coronata,4,Beaver Marsh Preserve,11/24/2023,7:50 AM
Yellow-rumped Warbler,Setophaga,coronata,Setophaga coronata,2,Duke University--Chapel Woods,4/24/2024,7:19 AM
Yellow-rumped Warbler,Setophaga,coronata,Setophaga coronata,5,Duke University--East Campus,3/2/2024,4:42 PM
Yellow-rumped Warbler,Setophaga,coronata,Setophaga coronata,20,Duke University--Reclamation Pond,10/24/2023,10:09 AM
Yellow-rumped Warbler,Setophaga,coronata,Setophaga coronata,4,Duke University--Reclamation Pond,11/4/2023,10:03 AM
Yellow-rumped Warbler,Setophaga,coronata,Setophaga coronata,3,Duke University--Reclamation Pond,1/16/2024,9:07 AM
Yellow-rumped Warbler,Setophaga,coronata,Setophaga coronata,1,Duke University--Reclamation Pond,2/19/2024,10:41 AM
Yellow-rumped Warbler,Setophaga,coronata,Setophaga coronata,2,Duke University--Reclamation Pond,2/20/2024,9:12 AM
Yellow-rumped Warbler,Setophaga,coronata,Setophaga coronata,3,Pinewood/Elmwood Cemetery,2/9/2025,1:53 PM
Yellow-rumped Warbler,Setophaga,coronata,Setophaga coronata,6,Brumley Nature Preserve--North,10/21/2023,8:09 AM
Yellow-rumped Warbler,Setophaga,coronata,Setophaga coronata,2,Lake Maria Sanchez,1/17/2025,7:46 AM
Yellow-rumped Warbler,Setophaga,coronata,Setophaga coronata,7,England Parkway Pond,12/22/2024,2:21 PM
Yellow-rumped Warbler,Setophaga,coronata,Setophaga coronata,1,Village Creek Drying Beds (PPW-W 083)--ACCESS CLOSED July 2025,1/1/2024,10:11 AM
Yellow-throated Warbler,Setophaga,dominica,Setophaga dominica,1,Sandy Creek Park,6/1/2024,8:08 AM
Prairie Warbler,Setophaga,discolor,Setophaga discolor,2,Flat River Waterfowl Impoundment,4/28/2024,7:28 AM
Prairie Warbler,Setophaga,discolor,Setophaga discolor,1,Weymouth Woods Sandhills Nature Preserve,4/19/2025,6:48 AM
Black-throated Green Warbler,Setophaga,virens,Setophaga virens,3,South Padre Is.--WBC/Conv. Center/Laguna Madre Trail (LTC 035),4/28/2025,1:55 PM
Black-throated Green Warbler,Setophaga,virens,Setophaga virens,2,Frontera Audubon Center (LTC 058),4/27/2025,2:32 PM
Black-throated Green Warbler,Setophaga,virens,Setophaga virens,1,Brumley Nature Preserve--North,10/21/2023,8:09 AM
Black-throated Green Warbler,Setophaga,virens,Setophaga virens,2,Brumley Nature Preserve--North,10/5/2024,8:26 AM
new world warbler sp.,Parulidae,sp.,Parulidae sp.,1,Duke University--Reclamation Pond,10/24/2023,10:09 AM
Summer Tanager,Piranga,rubra,Piranga rubra,1,Frontera Audubon Center (LTC 058),4/27/2025,2:32 PM
Summer Tanager,Piranga,rubra,Piranga rubra,5,Santa Margarita Ranch (LTC 079) (restricted access - guided groups only),4/26/2025,6:34 AM
Scarlet Tanager,Piranga,olivacea,Piranga olivacea,4,Brumley Nature Preserve--North,10/5/2024,8:26 AM
Northern Cardinal,Cardinalis,cardinalis,Cardinalis cardinalis,X,Dallas,7/16/2023,
Northern Cardinal,Cardinalis,cardinalis,Cardinalis cardinalis,3,"138 Science Drive, Durham, North Carolina, US (36.003, -78.944)",4/24/2024,7:52 AM
Northern Cardinal,Cardinalis,cardinalis,Cardinalis cardinalis,1,"138 Science Drive, Durham, North Carolina, US (36.003, -78.944)",5/11/2024,2:46 PM
Northern Cardinal,Cardinalis,cardinalis,Cardinalis cardinalis,3,"2080 Duke University Road, Durham, North Carolina, US (35.999, -78.933)",3/2/2024,3:45 PM
Northern Cardinal,Cardinalis,cardinalis,Cardinalis cardinalis,2,Beaver Marsh Preserve,11/24/2023,7:50 AM
Northern Cardinal,Cardinalis,cardinalis,Cardinalis cardinalis,1,Duke University--Chapel Woods,3/2/2024,2:59 PM
Northern Cardinal,Cardinalis,cardinalis,Cardinalis cardinalis,3,Duke University--Chapel Woods,3/22/2024,7:58 AM
Northern Cardinal,Cardinalis,cardinalis,Cardinalis cardinalis,2,Duke University--Chapel Woods,4/24/2024,7:19 AM
Northern Cardinal,Cardinalis,cardinalis,Cardinalis cardinalis,2,Duke University--Reclamation Pond,11/4/2023,10:03 AM
Northern Cardinal,Cardinalis,cardinalis,Cardinalis cardinalis,5,Duke University--Reclamation Pond,1/16/2024,9:07 AM
Northern Cardinal,Cardinalis,cardinalis,Cardinalis cardinalis,3,Duke University--Reclamation Pond,1/22/2024,2:40 PM
Northern Cardinal,Cardinalis,cardinalis,Cardinalis cardinalis,5,Duke University--Reclamation Pond,2/19/2024,10:41 AM
Northern Cardinal,Cardinalis,cardinalis,Cardinalis cardinalis,7,Duke University--Reclamation Pond,2/20/2024,9:12 AM
Northern Cardinal,Cardinalis,cardinalis,Cardinalis cardinalis,2,Duke University--Reclamation Pond,4/6/2024,9:19 AM
Northern Cardinal,Cardinalis,cardinalis,Cardinalis cardinalis,2,Duke University--Reclamation Pond,5/21/2024,8:04 AM
Northern Cardinal,Cardinalis,cardinalis,Cardinalis cardinalis,1,Durham,11/5/2023,7:02 AM
Northern Cardinal,Cardinalis,cardinalis,Cardinalis cardinalis,4,Durham,11/5/2023,8:22 AM
Northern Cardinal,Cardinalis,cardinalis,Cardinalis cardinalis,5,Flat River Waterfowl Impoundment,4/28/2024,7:28 AM
Northern Cardinal,Cardinalis,cardinalis,Cardinalis cardinalis,2,Flat River Waterfowl Impoundment,11/12/2024,8:33 AM
Northern Cardinal,Cardinalis,cardinalis,Cardinalis cardinalis,2,Jordan Game Land--New Hope Creek (Durham Co. Seasonal Mudflats),7/21/2024,7:02 AM
Northern Cardinal,Cardinalis,cardinalis,Cardinalis cardinalis,1,Morris Green Park,1/7/2024,1:27 PM
Northern Cardinal,Cardinalis,cardinalis,Cardinalis cardinalis,5,Sandy Creek Park,6/1/2024,8:08 AM
Northern Cardinal,Cardinalis,cardinalis,Cardinalis cardinalis,6,Sarah P. Duke Gardens (please do not report the ducks),9/19/2023,9:05 AM
Northern Cardinal,Cardinalis,cardinalis,Cardinalis cardinalis,5,Sarah P. Duke Gardens (please do not report the ducks),10/10/2023,9:00 AM
Northern Cardinal,Cardinalis,cardinalis,Cardinalis cardinalis,5,Sarah P. Duke Gardens (please do not report the ducks),10/21/2023,11:03 AM
Northern Cardinal,Cardinalis,cardinalis,Cardinalis cardinalis,2,Sarah P. Duke Gardens (please do not report the ducks),11/7/2023,9:11 AM
Northern Cardinal,Cardinalis,cardinalis,Cardinalis cardinalis,5,Sarah P. Duke Gardens (please do not report the ducks),3/22/2024,8:15 AM
Northern Cardinal,Cardinalis,cardinalis,Cardinalis cardinalis,2,Sarah P. Duke Gardens (please do not report the ducks),9/3/2024,9:12 AM
Northern Cardinal,Cardinalis,cardinalis,Cardinalis cardinalis,4,Sarah P. Duke Gardens (please do not report the ducks),9/14/2024,9:17 AM
Northern Cardinal,Cardinalis,cardinalis,Cardinalis cardinalis,3,Estero Llano Grande SP WBC (LTC 054),4/27/2025,7:14 AM
Northern Cardinal,Cardinalis,cardinalis,Cardinalis cardinalis,2,Estero Llano Grande SP--Tropical Zone only,4/27/2025,12:52 PM
Northern Cardinal,Cardinalis,cardinalis,Cardinalis cardinalis,2,Frontera Audubon Center (LTC 058),4/27/2025,2:32 PM
Northern Cardinal,Cardinalis,cardinalis,Cardinalis cardinalis,1,Leitner Drive/Holiday Inn Express Wetlands,2/9/2025,11:49 AM
Northern Cardinal,Cardinalis,cardinalis,Cardinalis cardinalis,2,Pinewood/Elmwood Cemetery,2/9/2025,1:53 PM
Northern Cardinal,Cardinalis,cardinalis,Cardinalis cardinalis,1,Weymouth Woods Sandhills Nature Preserve,4/19/2025,6:48 AM
Northern Cardinal,Cardinalis,cardinalis,Cardinalis cardinalis,4,Brumley Nature Preserve--North,10/21/2023,8:09 AM
Northern Cardinal,Cardinalis,cardinalis,Cardinalis cardinalis,11,Brumley Nature Preserve--North,10/5/2024,8:26 AM
Northern Cardinal,Cardinalis,cardinalis,Cardinalis cardinalis,1,"16 North Trumbull Circle, Saint Charles, Missouri, US (38.814, -90.51)",12/25/2023,2:03 PM
Northern Cardinal,Cardinalis,cardinalis,Cardinalis cardinalis,6,Confluence Point SP,12/27/2024,12:16 PM
Northern Cardinal,Cardinalis,cardinalis,Cardinalis cardinalis,2,Lake Maria Sanchez,1/17/2025,7:46 AM
Northern Cardinal,Cardinalis,cardinalis,Cardinalis cardinalis,4,Little Creve Coeur Ecological Area,12/26/2023,9:37 AM
Northern Cardinal,Cardinalis,cardinalis,Cardinalis cardinalis,2,Falcon State Park--Butterfly Garden (Starr Co.),4/26/2025,4:39 PM
Northern Cardinal,Cardinalis,cardinalis,Cardinalis cardinalis,15,Santa Margarita Ranch (LTC 079) (restricted access - guided groups only),4/26/2025,6:34 AM
Northern Cardinal,Cardinalis,cardinalis,Cardinalis cardinalis,2,Starr County Park (Falcon Heights)(LTC 082),4/26/2025,2:46 PM
Northern Cardinal,Cardinalis,cardinalis,Cardinalis cardinalis,2,281      North Camino Lagos,12/30/2023,10:12 AM
Northern Cardinal,Cardinalis,cardinalis,Cardinalis cardinalis,2,Village Creek Drying Beds (PPW-W 083)--ACCESS CLOSED July 2025,1/1/2024,10:11 AM
Northern Cardinal,Cardinalis,cardinalis,Cardinalis cardinalis,8,Village Creek Drying Beds (PPW-W 083)--ACCESS CLOSED July 2025,12/30/2024,9:41 AM
Pyrrhuloxia,Cardinalis,sinuatus,Cardinalis sinuatus,3,Santa Margarita Ranch (LTC 079) (restricted access - guided groups only),4/26/2025,6:34 AM
Rose-breasted Grosbeak,Pheucticus,ludovicianus,Pheucticus ludovicianus,1,South Padre Is.--Birding and Nature Center,4/28/2025,9:51 AM
Rose-breasted Grosbeak,Pheucticus,ludovicianus,Pheucticus ludovicianus,1,Frontera Audubon Center (LTC 058),4/27/2025,2:32 PM
Blue Grosbeak,Passerina,caerulea,Passerina caerulea,2,Duke University--Reclamation Pond,4/24/2024,8:06 AM
Blue Grosbeak,Passerina,caerulea,Passerina caerulea,1,Flat River Waterfowl Impoundment,4/28/2024,7:28 AM
Blue Grosbeak,Passerina,caerulea,Passerina caerulea,2,Jordan Game Land--New Hope Creek (Durham Co. Seasonal Mudflats),7/21/2024,7:02 AM
Blue Grosbeak,Passerina,caerulea,Passerina caerulea,2,Falcon State Park--Butterfly Garden (Starr Co.),4/26/2025,4:39 PM
Blue Grosbeak,Passerina,caerulea,Passerina caerulea,4,Santa Margarita Ranch (LTC 079) (restricted access - guided groups only),4/26/2025,6:34 AM
Indigo Bunting,Passerina,cyanea,Passerina cyanea,2,South Padre Is.--WBC/Conv. Center/Laguna Madre Trail (LTC 035),4/28/2025,1:55 PM
Indigo Bunting,Passerina,cyanea,Passerina cyanea,8,Flat River Waterfowl Impoundment,4/28/2024,7:28 AM
Indigo Bunting,Passerina,cyanea,Passerina cyanea,1,Jordan Game Land--New Hope Creek (Durham Co. Seasonal Mudflats),7/21/2024,7:02 AM
Indigo Bunting,Passerina,cyanea,Passerina cyanea,1,Sandy Creek Park,6/1/2024,8:08 AM
Indigo Bunting,Passerina,cyanea,Passerina cyanea,9,Santa Margarita Ranch (LTC 079) (restricted access - guided groups only),4/26/2025,6:34 AM
Varied Bunting,Passerina,versicolor,Passerina versicolor,2,Santa Margarita Ranch (LTC 079) (restricted access - guided groups only),4/26/2025,6:34 AM
Painted Bunting,Passerina,ciris,Passerina ciris,3,Frontera Audubon Center (LTC 058),4/27/2025,2:32 PM
Painted Bunting,Passerina,ciris,Passerina ciris,1,Falcon State Park--Butterfly Garden (Starr Co.),4/26/2025,4:39 PM
Painted Bunting,Passerina,ciris,Passerina ciris,12,Santa Margarita Ranch (LTC 079) (restricted access - guided groups only),4/26/2025,6:34 AM
Dickcissel,Spiza,americana,Spiza americana,20,Santa Margarita Ranch (LTC 079) (restricted access - guided groups only),4/26/2025,6:34 AM
Morelet's Seedeater,Sporophila,morelleti,Sporophila morelleti,1,Santa Margarita Ranch (LTC 079) (restricted access - guided groups only),4/26/2025,6:34 AM